Workbook

Sheet Assumptions
A1: Pricing Assumptions
A3: Competitive positioning
A4: Commodity undercut vs competitor | B4: 0.97
A5: Branded premium vs competitor | B5: 1.05
A7: Quantity tier factors
A8: Tier | B8: Max Pack Qty | C8: Factor
A9: Small | B9: 100 | C9: 1.05
A10: Medium | B10: 500 | C10: 1
A11: Large | B11: 2000 | C11: 0.95
A12: XL | B12: 999999 | C12: 0.9
A14: Margin targets
A15: CategoryGroup | B15: Target Margin | C15: Min Margin
A16: Packaging | B16: 0.35 | C16: 0.25
A17: Bags | B17: 0.35 | C17: 0.25
A18: Branded | B18: 0.55 | C18: 0.4
A19: Custom | B19: 0.6 | C19: 0.45
A20: Other | B20: 0.4 | C20: 0.3

Sheet Competitor Benchmarks
A1: Competitor Benchmarks (sources in URL column)
A2: Key | B2: Competitor | C2: Pack Price | D2: Pack Qty | E2: Unit Price | F2: URL | G2: Notes
A3: Bags|3x4.5 | B3: Dragon Chewer (1 gram, 1000 qty listing) | C3: 59.95 | D3: 1000 | E3: 0.05995 | F3: https://dragonchewer.com/collections/1000-qty-mylar-bags | G3: Listing shows 1 Gram Gloss Black & Clear Mylar Bags (1000 qty) as low as $59.95/case ($0.05/unit).
A4: Bags|3.6x5 | B4: Dragon Chewer (1/8 oz black/clear, 1000 qty) | C4: 79.95 | D4: 1000 | E4: 0.07995 | F4: https://dragonchewer.com/products/1-8-ounce-gloss-black-clear-mylar-bags-1000-qty | G4: Product page shows sale price $79.95 for 1000 qty (3.62x5 style).
A5: Bags|4x6.5 | B5: Dragon Chewer (1/4 oz, 1000 qty listing) | C5: 79.95 | D5: 1000 | E5: 0.07995 | F5: https://dragonchewer.com/collections/1000-qty-mylar-bags | G5: Listing shows 1/4 Ounce Matte Black & Clear Mylar Bags (1000 qty) as low as $79.95/case ($0.07/unit).
A6: Bags|5x8 | B6: Dragon Chewer (1/2 oz, 1000 qty listing) | C6: 109.95 | D6: 1000 | E6: 0.10995 | F6: https://dragonchewer.com/collections/1000-qty-mylar-bags | G6: Listing shows 1/2 Ounce Gloss Black & Clear Mylar Bags (1000 qty) as low as $109.95/case ($0.10/unit).
A7: Bags|6x9 | B7: Dragon Chewer (1 oz, 1000 qty listing) | C7: 129.95 | D7: 1000 | E7: 0.12995 | F7: https://dragonchewer.com/collections/1000-qty-mylar-bags | G7: Listing shows 1 Ounce Gloss Black & Clear Mylar Bags (1000 qty) as low as $129.95/case ($0.12/unit).
A8: Bags|9x2.5 | B8: Dragon Chewer (2.5x9 syringe bag, 1000 qty) | C8: 79.95 | D8: 1000 | E8: 0.07995 | F8: https://dragonchewer.com/products/2-5-x-9-inch-matte-black-syringe-mylar-bags-1000-qty | G8: Product page shows sale price $79.95 for 1000 qty (2.5x9).
A9: Bags|4x6.5|low | B9: Marijuana Packaging (clearance sale) | C9: 44.81 | D9: 1000 | E9: 0.04481 | F9: https://marijuanapackaging.com/collections/mylar-bags/products/glossy-black-4-x-6-5-vista-mylar-tamper-evident-bags-7-grams-1000-box | G9: Sale price observed on product page; may be clearance / promotional.
A10: Tubes|116mm | B10: Biohazard Inc (1000 count) | C10: 69 | D10: 1000 | E10: 0.069 | F10: https://www.biohazardinc.com/products/pre-roll-child-resistant-opaque-tubes-hinged-lid | G10: 116mm black tubes, 1000ct listed at $69.00; page shows tiered pricing for larger case quantities.
A11: Tubes|116mm|small | B11: Bag King (packs of 100) | C11: 12 | D11: 100 | E11: 0.12 | F11: https://www.bagking.com/products/pre-roll-tubes | G11: Bag King indicates $0.12 each and sold in packs of 100 (case quantity 1000).
A12: Jars|7ml | B12: SODO LOCO (90 pack) | C12: 43 | D12: 90 | E12: 0.47777778 | F12: https://sodoloco.com/products/low-profile-7ml-glass-jars-child-resistant-black-lid-90 | G12: Low profile 7ml glass jar with black lid; 90 pack listed at $43.
A13: Jars|5ml | B13: True Aroma (320 pack) | C13: 271.99 | D13: 320 | E13: 0.84996875 | F13: https://truearoma.com/products/5ml-thick-clear-glass-containers-with-black-child-resistant-lids | G13: 5ml thick clear glass containers with black child resistant lids; 320 pack listed at $271.99.
A14: Jars|3oz | B14: Dragon Chewer (150 qty) | C14: 69.95 | D14: 150 | E14: 0.46633333 | F14: https://dragonchewer.com/products/3-ounce-clear-glass-jar-child-resistant-white-smooth-cap-150-qty-1 | G14: 3 ounce glass jar with child resistant cap; 150 qty sale price $69.95.
... A18: FEP|Roll | B18: Kraft & Kitchen (FEP bulk roll) | C18: 210 | D18: 50 | E18: 4.2 | F18: https://kraftandkitchen.com/products/kraft-kitchen-sheet-ptfe-rolls | G18: Related items on PTFE roll page show "Bulk Roll of FEP film... from $210.00" (length not shown in static HTML; assumed 50ft to align with common 50ft rolls).

Sheet SKU Master
A1: Master SKU List with Competitor Benchmarks + Recommended Pricing
A2: Handle | B2: Product Title | C2: Short Description | D2: Variant Options | E2: SKU | F2: CategoryGroup | G2: Pack Qty | H2: Unit Type | I2: Current Pack Price | J2: Current Pack COGS | K2: Current Unit Price | L2: Current Unit Cost | M2: Current Margin % | N2: Competitor Ref Pack Price | O2: Competitor Ref Pack Qty | P2: Competitor Ref Unit Price | Q2: Competitor Low Pack Price | R2: Competitor Low Pack Qty | S2: Competitor Low Unit Price | T2: Benchmark Type | U2: Competitor Source URL | V2: Benchmark Notes | W2: Tier Factor | X2: Position Factor | Y2: Target Margin | Z2: Min Margin | AA2: Base Rec Unit Price | AB2: Min Unit Price (Margin) | AC2: Recommended Unit Price | AD2: Recommended Pack Price | AE2: Recommended Shopify Price | AF2: Pricing Notes
A3: 6ml-glass-no-neck-jar | B3: 6ml Glass No-Neck Jar with Silicone lid | C3: The 6ml Glass No‑Neck Jar with Silicone Lid is a straight-sided glass concentrate jar built for extractors, processors, and brands who hate leaving material behind. The no‑neck design makes every scrape clean and efficie… | D3: Quantity: 200 | E3: NONECK1 | F3: Packaging | G3: 200 | H3: pcs | I3: 39.99 | K3: =IFERROR(I3/G3,"") | L3: =IFERROR(J3/G3,"") | M3: =IFERROR((I3-J3)/I3,"") | P3: =IFERROR(N3/O3,"") | S3: =IFERROR(Q3/R3,"") | W3: =IF(G3="","",IF(G3<=Assumptions!$B$9,Assumptions!$C$9,IF(G3<=Assumptions!$B$10,Assumptions!$C$10,IF(G3<=Assumptions!$B$11,Assumptions!$C$11,Assumptions!$C$12)))) | X3: =IF(F3="Branded",Assumptions!$B$5,IF(OR(F3="Packaging",F3="Bags"),Assumptions!$B$4,1)) | Y3: =IFERROR(VLOOKUP(F3,Assumptions!$A$16:$C$20,2,FALSE),0.40) | Z3: =IFERROR(VLOOKUP(F3,Assumptions!$A$16:$C$20,3,FALSE),0.30) | AA3: =IF(P3<>"",P3*X3*W3,IF(L3<>"",L3/(1-Y3),K3)) | AB3: =IF(L3<>"",L3/(1-Z3),"") | AC3: =IF(AB3="",AA3,MAX(AA3,AB3)) | AD3: =IF(AC3="","",AC3*G3) | AE3: =IF(AD3="","",ROUNDUP(AD3,0)-0.01) | AF3: =IF(P3<>"","Competitor-based",IF(L3<>"","Cost+margin","Needs review"))
A4: 6ml-glass-no-neck-jar | B4: 6ml Glass No-Neck Jar with Silicone lid | C4: The 6ml Glass No‑Neck Jar with Silicone Lid is a straight-sided glass concentrate jar built for extractors, processors, and brands who hate leaving material behind. The no‑neck design makes every scrape clean and efficie… | D4: Quantity: 400 | E4: NONECK2 | F4: Packaging | G4: 400 | H4: pcs | I4: 42.99 | K4: =IFERROR(I4/G4,"") | L4: =IFERROR(J4/G4,"") | M4: =IFERROR((I4-J4)/I4,"") | P4: =IFERROR(N4/O4,"") | S4: =IFERROR(Q4/R4,"") | W4: =IF(G4="","",IF(G4<=Assumptions!$B$9,Assumptions!$C$9,IF(G4<=Assumptions!$B$10,Assumptions!$C$10,IF(G4<=Assumptions!$B$11,Assumptions!$C$11,Assumptions!$C$12)))) | X4: =IF(F4="Branded",Assumptions!$B$5,IF(OR(F4="Packaging",F4="Bags"),Assumptions!$B$4,1)) | Y4: =IFERROR(VLOOKUP(F4,Assumptions!$A$16:$C$20,2,FALSE),0.40) | Z4: =IFERROR(VLOOKUP(F4,Assumptions!$A$16:$C$20,3,FALSE),0.30) | AA4: =IF(P4<>"",P4*X4*W4,IF(L4<>"",L4/(1-Y4),K4)) | AB4: =IF(L4<>"",L4/(1-Z4),"") | AC4: =IF(AB4="",AA4,MAX(AA4,AB4)) | AD4: =IF(AC4="","",AC4*G4) | AE4: =IF(AD4="","",ROUNDUP(AD4,0)-0.01) | AF4: =IF(P4<>"","Competitor-based",IF(L4<>"","Cost+margin","Needs review"))
A5: 6ml-glass-no-neck-jar | B5: 6ml Glass No-Neck Jar with Silicone lid | C5: The 6ml Glass No‑Neck Jar with Silicone Lid is a straight-sided glass concentrate jar built for extractors, processors, and brands who hate leaving material behind. The no‑neck design makes every scrape clean and efficie… | D5: Quantity: 1000 | E5: NONECK3 | F5: Packaging | G5: 1000 | H5: pcs | I5: 49.99 | K5: =IFERROR(I5/G5,"") | L5: =IFERROR(J5/G5,"") | M5: =IFERROR((I5-J5)/I5,"") | P5: =IFERROR(N5/O5,"") | S5: =IFERROR(Q5/R5,"") | W5: =IF(G5="","",IF(G5<=Assumptions!$B$9,Assumptions!$C$9,IF(G5<=Assumptions!$B$10,Assumptions!$C$10,IF(G5<=Assumptions!$B$11,Assumptions!$C$11,Assumptions!$C$12)))) | X5: =IF(F5="Branded",Assumptions!$B$5,IF(OR(F5="Packaging",F5="Bags"),Assumptions!$B$4,1)) | Y5: =IFERROR(VLOOKUP(F5,Assumptions!$A$16:$C$20,2,FALSE),0.40) | Z5: =IFERROR(VLOOKUP(F5,Assumptions!$A$16:$C$20,3,FALSE),0.30) | AA5: =IF(P5<>"",P5*X5*W5,IF(L5<>"",L5/(1-Y5),K5)) | AB5: =IF(L5<>"",L5/(1-Z5),"") | AC5: =IF(AB5="",AA5,MAX(AA5,AB5)) | AD5: =IF(AC5="","",AC5*G5) | AE5: =IF(AD5="","",ROUNDUP(AD5,0)-0.01) | AF5: =IF(P5<>"","Competitor-based",IF(L5<>"","Cost+margin","Needs review"))
A6: 7ml-screw-top-jars-with-black-lids | B6: 7ml Glass Jars- Low Profile heavy bottom- Screw Top with Lids | C6: The 7ml Low Profile Heavy Bottom Glass Jar is a lab-grade concentrate container built for extractors, processors, and brands who need packaging that performs on the bench and looks right on the shelf. At 7ml (0.24 fl oz)… | D6: Quantity: 90 / Lid Color: Black / Glass: Clear | E6: 7MLJAR-01B | F6: Packaging | G6: 90 | H6: pcs | I6: 49.99 | K6: =IFERROR(I6/G6,"") | L6: =IFERROR(J6/G6,"") | M6: =IFERROR((I6-J6)/I6,"") | N6: 43 | O6: 90 | P6: =IFERROR(N6/O6,"") | S6: =IFERROR(Q6/R6,"") | T6: Observed | U6: https://sodoloco.com/products/low-profile-7ml-glass-jars-child-resistant-black-lid-90 | V6: Low profile 7ml glass jar with black lid; 90 pack listed at $43. | W6: =IF(G6="","",IF(G6<=Assumptions!$B$9,Assumptions!$C$9,IF(G6<=Assumptions!$B$10,Assumptions!$C$10,IF(G6<=Assumptions!$B$11,Assumptions!$C$11,Assumptions!$C$12)))) | X6: =IF(F6="Branded",Assumptions!$B$5,IF(OR(F6="Packaging",F6="Bags"),Assumptions!$B$4,1)) | Y6: =IFERROR(VLOOKUP(F6,Assumptions!$A$16:$C$20,2,FALSE),0.40) | Z6: =IFERROR(VLOOKUP(F6,Assumptions!$A$16:$C$20,3,FALSE),0.30) | AA6: =IF(P6<>"",P6*X6*W6,IF(L6<>"",L6/(1-Y6),K6)) | AB6: =IF(L6<>"",L6/(1-Z6),"") | AC6: =IF(AB6="",AA6,MAX(AA6,AB6)) | AD6: =IF(AC6="","",AC6*G6) | AE6: =IF(AD6="","",ROUNDUP(AD6,0)-0.01) | AF6: =IF(P6<>"","Competitor-based",IF(L6<>"","Cost+margin","Needs review"))
A7: 7ml-screw-top-jars-with-black-lids | B7: 7ml Glass Jars- Low Profile heavy bottom- Screw Top with Lids | C7: The 7ml Low Profile Heavy Bottom Glass Jar is a lab-grade concentrate container built for extractors, processors, and brands who need packaging that performs on the bench and looks right on the shelf. At 7ml (0.24 fl oz)… | D7: Quantity: 90 / Lid Color: Black / Glass: Frosted | E7: 7MLJAR-01BF | F7: Packaging | G7: 90 | H7: pcs | I7: 9.99 | K7: =IFERROR(I7/G7,"") | L7: =IFERROR(J7/G7,"") | M7: =IFERROR((I7-J7)/I7,"") | N7: 43 | O7: 90 | P7: =IFERROR(N7/O7,"") | S7: =IFERROR(Q7/R7,"") | T7: Observed | U7: https://sodoloco.com/products/low-profile-7ml-glass-jars-child-resistant-black-lid-90 | V7: Low profile 7ml glass jar with black lid; 90 pack listed at $43. | W7: =IF(G7="","",IF(G7<=Assumptions!$B$9,Assumptions!$C$9,IF(G7<=Assumptions!$B$10,Assumptions!$C$10,IF(G7<=Assumptions!$B$11,Assumptions!$C$11,Assumptions!$C$12)))) | X7: =IF(F7="Branded",Assumptions!$B$5,IF(OR(F7="Packaging",F7="Bags"),Assumptions!$B$4,1)) | Y7: =IFERROR(VLOOKUP(F7,Assumptions!$A$16:$C$20,2,FALSE),0.40) | Z7: =IFERROR(VLOOKUP(F7,Assumptions!$A$16:$C$20,3,FALSE),0.30) | AA7: =IF(P7<>"",P7*X7*W7,IF(L7<>"",L7/(1-Y7),K7)) | AB7: =IF(L7<>"",L7/(1-Z7),"") | AC7: =IF(AB7="",AA7,MAX(AA7,AB7)) | AD7: =IF(AC7="","",AC7*G7) | AE7: =IF(AD7="","",ROUNDUP(AD7,0)-0.01) | AF7: =IF(P7<>"","Competitor-based",IF(L7<>"","Cost+margin","Needs review"))
A8: 7ml-screw-top-jars-with-black-lids | B8: 7ml Glass Jars- Low Profile heavy bottom- Screw Top with Lids | C8: The 7ml Low Profile Heavy Bottom Glass Jar is a lab-grade concentrate container built for extractors, processors, and brands who need packaging that performs on the bench and looks right on the shelf. At 7ml (0.24 fl oz)… | D8: Quantity: 180 / Lid Color: Black / Glass: Clear | E8: 7MLJAR-02B | F8: Packaging | G8: 180 | H8: pcs | I8: 12.99 | K8: =IFERROR(I8/G8,"") | L8: =IFERROR(J8/G8,"") | M8: =IFERROR((I8-J8)/I8,"") | N8: 43 | O8: 90 | P8: =IFERROR(N8/O8,"") | S8: =IFERROR(Q8/R8,"") | T8: Observed | U8: https://sodoloco.com/products/low-profile-7ml-glass-jars-child-resistant-black-lid-90 | V8: Low profile 7ml glass jar with black lid; 90 pack listed at $43. | W8: =IF(G8="","",IF(G8<=Assumptions!$B$9,Assumptions!$C$9,IF(G8<=Assumptions!$B$10,Assumptions!$C$10,IF(G8<=Assumptions!$B$11,Assumptions!$C$11,Assumptions!$C$12)))) | X8: =IF(F8="Branded",Assumptions!$B$5,IF(OR(F8="Packaging",F8="Bags"),Assumptions!$B$4,1)) | Y8: =IFERROR(VLOOKUP(F8,Assumptions!$A$16:$C$20,2,FALSE),0.40) | Z8: =IFERROR(VLOOKUP(F8,Assumptions!$A$16:$C$20,3,FALSE),0.30) | AA8: =IF(P8<>"",P8*X8*W8,IF(L8<>"",L8/(1-Y8),K8)) | AB8: =IF(L8<>"",L8/(1-Z8),"") | AC8: =IF(AB8="",AA8,MAX(AA8,AB8)) | AD8: =IF(AC8="","",AC8*G8) | AE8: =IF(AD8="","",ROUNDUP(AD8,0)-0.01) | AF8: =IF(P8<>"","Competitor-based",IF(L8<>"","Cost+margin","Needs review"))
A9: 7ml-screw-top-jars-with-black-lids | B9: 7ml Glass Jars- Low Profile heavy bottom- Screw Top with Lids | C9: The 7ml Low Profile Heavy Bottom Glass Jar is a lab-grade concentrate container built for extractors, processors, and brands who need packaging that performs on the bench and looks right on the shelf. At 7ml (0.24 fl oz)… | D9: Quantity: 180 / Lid Color: Black / Glass: Frosted | E9: 7MLJAR-02BF | F9: Packaging | G9: 180 | H9: pcs | I9: 14.99 | K9: =IFERROR(I9/G9,"") | L9: =IFERROR(J9/G9,"") | M9: =IFERROR((I9-J9)/I9,"") | N9: 43 | O9: 90 | P9: =IFERROR(N9/O9,"") | S9: =IFERROR(Q9/R9,"") | T9: Observed | U9: https://sodoloco.com/products/low-profile-7ml-glass-jars-child-resistant-black-lid-90 | V9: Low profile 7ml glass jar with black lid; 90 pack listed at $43. | W9: =IF(G9="","",IF(G9<=Assumptions!$B$9,Assumptions!$C$9,IF(G9<=Assumptions!$B$10,Assumptions!$C$10,IF(G9<=Assumptions!$B$11,Assumptions!$C$11,Assumptions!$C$12)))) | X9: =IF(F9="Branded",Assumptions!$B$5,IF(OR(F9="Packaging",F9="Bags"),Assumptions!$B$4,1)) | Y9: =IFERROR(VLOOKUP(F9,Assumptions!$A$16:$C$20,2,FALSE),0.40) | Z9: =IFERROR(VLOOKUP(F9,Assumptions!$A$16:$C$20,3,FALSE),0.30) | AA9: =IF(P9<>"",P9*X9*W9,IF(L9<>"",L9/(1-Y9),K9)) | AB9: =IF(L9<>"",L9/(1-Z9),"") | AC9: =IF(AB9="",AA9,MAX(AA9,AB9)) | AD9: =IF(AC9="","",AC9*G9) | AE9: =IF(AD9="","",ROUNDUP(AD9,0)-0.01) | AF9: =IF(P9<>"","Competitor-based",IF(L9<>"","Cost+margin","Needs review"))
A10: 7ml-screw-top-jars-with-black-lids | B10: 7ml Glass Jars- Low Profile heavy bottom- Screw Top with Lids | C10: The 7ml Low Profile Heavy Bottom Glass Jar is a lab-grade concentrate container built for extractors, processors, and brands who need packaging that performs on the bench and looks right on the shelf. At 7ml (0.24 fl oz)… | D10: Quantity: 450 / Lid Color: Black / Glass: Clear | E10: 7MLJAR-03B | F10: Packaging | G10: 450 | H10: pcs | I10: 49.99 | K10: =IFERROR(I10/G10,"") | L10: =IFERROR(J10/G10,"") | M10: =IFERROR((I10-J10)/I10,"") | N10: 43 | O10: 90 | P10: =IFERROR(N10/O10,"") | S10: =IFERROR(Q10/R10,"") | T10: Observed | U10: https://sodoloco.com/products/low-profile-7ml-glass-jars-child-resistant-black-lid-90 | V10: Low profile 7ml glass jar with black lid; 90 pack listed at $43. | W10: =IF(G10="","",IF(G10<=Assumptions!$B$9,Assumptions!$C$9,IF(G10<=Assumptions!$B$10,Assumptions!$C$10,IF(G10<=Assumptions!$B$11,Assumptions!$C$11,Assumptions!$C$12)))) | X10: =IF(F10="Branded",Assumptions!$B$5,IF(OR(F10="Packaging",F10="Bags"),Assumptions!$B$4,1)) | Y10: =IFERROR(VLOOKUP(F10,Assumptions!$A$16:$C$20,2,FALSE),0.40) | Z10: =IFERROR(VLOOKUP(F10,Assumptions!$A$16:$C$20,3,FALSE),0.30) | AA10: =IF(P10<>"",P10*X10*W10,IF(L10<>"",L10/(1-Y10),K10)) | AB10: =IF(L10<>"",L10/(1-Z10),"") | AC10: =IF(AB10="",AA10,MAX(AA10,AB10)) | AD10: =IF(AC10="","",AC10*G10) | AE10: =IF(AD10="","",ROUNDUP(AD10,0)-0.01) | AF10: =IF(P10<>"","Competitor-based",IF(L10<>"","Cost+margin","Needs review"))
A11: 7ml-screw-top-jars-with-black-lids | B11: 7ml Glass Jars- Low Profile heavy bottom- Screw Top with Lids | C11: The 7ml Low Profile Heavy Bottom Glass Jar is a lab-grade concentrate container built for extractors, processors, and brands who need packaging that performs on the bench and looks right on the shelf. At 7ml (0.24 fl oz)… | D11: Quantity: 450 / Lid Color: Black / Glass: Frosted | E11: 7MLJAR-03BF | F11: Packaging | G11: 450 | H11: pcs | I11: 49.99 | K11: =IFERROR(I11/G11,"") | L11: =IFERROR(J11/G11,"") | M11: =IFERROR((I11-J11)/I11,"") | N11: 43 | O11: 90 | P11: =IFERROR(N11/O11,"") | S11: =IFERROR(Q11/R11,"") | T11: Observed | U11: https://sodoloco.com/products/low-profile-7ml-glass-jars-child-resistant-black-lid-90 | V11: Low profile 7ml glass jar with black lid; 90 pack listed at $43. | W11: =IF(G11="","",IF(G11<=Assumptions!$B$9,Assumptions!$C$9,IF(G11<=Assumptions!$B$10,Assumptions!$C$10,IF(G11<=Assumptions!$B$11,Assumptions!$C$11,Assumptions!$C$12)))) | X11: =IF(F11="Branded",Assumptions!$B$5,IF(OR(F11="Packaging",F11="Bags"),Assumptions!$B$4,1)) | Y11: =IFERROR(VLOOKUP(F11,Assumptions!$A$16:$C$20,2,FALSE),0.40) | Z11: =IFERROR(VLOOKUP(F11,Assumptions!$A$16:$C$20,3,FALSE),0.30) | AA11: =IF(P11<>"",P11*X11*W11,IF(L11<>"",L11/(1-Y11),K11)) | AB11: =IF(L11<>"",L11/(1-Z11),"") | AC11: =IF(AB11="",AA11,MAX(AA11,AB11)) | AD11: =IF(AC11="","",AC11*G11) | AE11: =IF(AD11="","",ROUNDUP(AD11,0)-0.01) | AF11: =IF(P11<>"","Competitor-based",IF(L11<>"","Cost+margin","Needs review"))
A12: 7ml-screw-top-jars-with-black-lids | B12: 7ml Glass Jars- Low Profile heavy bottom- Screw Top with Lids | C12: The 7ml Low Profile Heavy Bottom Glass Jar is a lab-grade concentrate container built for extractors, processors, and brands who need packaging that performs on the bench and looks right on the shelf. At 7ml (0.24 fl oz)… | D12: Quantity: 900 / Lid Color: Black / Glass: Clear | E12: 7MLJAR-04B | F12: Packaging | G12: 900 | H12: pcs | I12: 29.99 | K12: =IFERROR(I12/G12,"") | L12: =IFERROR(J12/G12,"") | M12: =IFERROR((I12-J12)/I12,"") | N12: 43 | O12: 90 | P12: =IFERROR(N12/O12,"") | S12: =IFERROR(Q12/R12,"") | T12: Observed | U12: https://sodoloco.com/products/low-profile-7ml-glass-jars-child-resistant-black-lid-90 | V12: Low profile 7ml glass jar with black lid; 90 pack listed at $43. | W12: =IF(G12="","",IF(G12<=Assumptions!$B$9,Assumptions!$C$9,IF(G12<=Assumptions!$B$10,Assumptions!$C$10,IF(G12<=Assumptions!$B$11,Assumptions!$C$11,Assumptions!$C$12)))) | X12: =IF(F12="Branded",Assumptions!$B$5,IF(OR(F12="Packaging",F12="Bags"),Assumptions!$B$4,1)) | Y12: =IFERROR(VLOOKUP(F12,Assumptions!$A$16:$C$20,2,FALSE),0.40) | Z12: =IFERROR(VLOOKUP(F12,Assumptions!$A$16:$C$20,3,FALSE),0.30) | AA12: =IF(P12<>"",P12*X12*W12,IF(L12<>"",L12/(1-Y12),K12)) | AB12: =IF(L12<>"",L12/(1-Z12),"") | AC12: =IF(AB12="",AA12,MAX(AA12,AB12)) | AD12: =IF(AC12="","",AC12*G12) | AE12: =IF(AD12="","",ROUNDUP(AD12,0)-0.01) | AF12: =IF(P12<>"","Competitor-based",IF(L12<>"","Cost+margin","Needs review"))
A13: 7ml-screw-top-jars-with-black-lids | B13: 7ml Glass Jars- Low Profile heavy bottom- Screw Top with Lids | C13: The 7ml Low Profile Heavy Bottom Glass Jar is a lab-grade concentrate container built for extractors, processors, and brands who need packaging that performs on the bench and looks right on the shelf. At 7ml (0.24 fl oz)… | D13: Quantity: 900 / Lid Color: Black / Glass: Frosted | E13: 7MLJAR-04BF | F13: Packaging | G13: 900 | H13: pcs | I13: 14.99 | K13: =IFERROR(I13/G13,"") | L13: =IFERROR(J13/G13,"") | M13: =IFERROR((I13-J13)/I13,"") | N13: 43 | O13: 90 | P13: =IFERROR(N13/O13,"") | S13: =IFERROR(Q13/R13,"") | T13: Observed | U13: https://sodoloco.com/products/low-profile-7ml-glass-jars-child-resistant-black-lid-90 | V13: Low profile 7ml glass jar with black lid; 90 pack listed at $43. | W13: =IF(G13="","",IF(G13<=Assumptions!$B$9,Assumptions!$C$9,IF(G13<=Assumptions!$B$10,Assumptions!$C$10,IF(G13<=Assumptions!$B$11,Assumptions!$C$11,Assumptions!$C$12)))) | X13: =IF(F13="Branded",Assumptions!$B$5,IF(OR(F13="Packaging",F13="Bags"),Assumptions!$B$4,1)) | Y13: =IFERROR(VLOOKUP(F13,Assumptions!$A$16:$C$20,2,FALSE),0.40) | Z13: =IFERROR(VLOOKUP(F13,Assumptions!$A$16:$C$20,3,FALSE),0.30) | AA13: =IF(P13<>"",P13*X13*W13,IF(L13<>"",L13/(1-Y13),K13)) | AB13: =IF(L13<>"",L13/(1-Z13),"") | AC13: =IF(AB13="",AA13,MAX(AA13,AB13)) | AD13: =IF(AC13="","",AC13*G13) | AE13: =IF(AD13="","",ROUNDUP(AD13,0)-0.01) | AF13: =IF(P13<>"","Competitor-based",IF(L13<>"","Cost+margin","Needs review"))
A14: 7ml-screw-top-jars-with-black-lids | B14: 7ml Glass Jars- Low Profile heavy bottom- Screw Top with Lids | C14: The 7ml Low Profile Heavy Bottom Glass Jar is a lab-grade concentrate container built for extractors, processors, and brands who need packaging that performs on the bench and looks right on the shelf. At 7ml (0.24 fl oz)… | D14: Quantity: 2700 / Lid Color: Black / Glass: Clear | E14: 7MLJAR-09B | F14: Packaging | G14: 2700 | H14: pcs | I14: 49.99 | K14: =IFERROR(I14/G14,"") | L14: =IFERROR(J14/G14,"") | M14: =IFERROR((I14-J14)/I14,"") | N14: 43 | O14: 90 | P14: =IFERROR(N14/O14,"") | S14: =IFERROR(Q14/R14,"") | T14: Observed | U14: https://sodoloco.com/products/low-profile-7ml-glass-jars-child-resistant-black-lid-90 | V14: Low profile 7ml glass jar with black lid; 90 pack listed at $43. | W14: =IF(G14="","",IF(G14<=Assumptions!$B$9,Assumptions!$C$9,IF(G14<=Assumptions!$B$10,Assumptions!$C$10,IF(G14<=Assumptions!$B$11,Assumptions!$C$11,Assumptions!$C$12)))) | X14: =IF(F14="Branded",Assumptions!$B$5,IF(OR(F14="Packaging",F14="Bags"),Assumptions!$B$4,1)) | Y14: =IFERROR(VLOOKUP(F14,Assumptions!$A$16:$C$20,2,FALSE),0.40) | Z14: =IFERROR(VLOOKUP(F14,Assumptions!$A$16:$C$20,3,FALSE),0.30) | AA14: =IF(P14<>"",P14*X14*W14,IF(L14<>"",L14/(1-Y14),K14)) | AB14: =IF(L14<>"",L14/(1-Z14),"") | AC14: =IF(AB14="",AA14,MAX(AA14,AB14)) | AD14: =IF(AC14="","",AC14*G14) | AE14: =IF(AD14="","",ROUNDUP(AD14,0)-0.01) | AF14: =IF(P14<>"","Competitor-based",IF(L14<>"","Cost+margin","Needs review"))
A15: 7ml-screw-top-jars-with-black-lids | B15: 7ml Glass Jars- Low Profile heavy bottom- Screw Top with Lids | C15: The 7ml Low Profile Heavy Bottom Glass Jar is a lab-grade concentrate container built for extractors, processors, and brands who need packaging that performs on the bench and looks right on the shelf. At 7ml (0.24 fl oz)… | D15: Quantity: 2700 / Lid Color: Black / Glass: Frosted | E15: 7MLJAR-09BF | F15: Packaging | G15: 2700 | H15: pcs | I15: 44.99 | K15: =IFERROR(I15/G15,"") | L15: =IFERROR(J15/G15,"") | M15: =IFERROR((I15-J15)/I15,"") | N15: 43 | O15: 90 | P15: =IFERROR(N15/O15,"") | S15: =IFERROR(Q15/R15,"") | T15: Observed | U15: https://sodoloco.com/products/low-profile-7ml-glass-jars-child-resistant-black-lid-90 | V15: Low profile 7ml glass jar with black lid; 90 pack listed at $43. | W15: =IF(G15="","",IF(G15<=Assumptions!$B$9,Assumptions!$C$9,IF(G15<=Assumptions!$B$10,Assumptions!$C$10,IF(G15<=Assumptions!$B$11,Assumptions!$C$11,Assumptions!$C$12)))) | X15: =IF(F15="Branded",Assumptions!$B$5,IF(OR(F15="Packaging",F15="Bags"),Assumptions!$B$4,1)) | Y15: =IFERROR(VLOOKUP(F15,Assumptions!$A$16:$C$20,2,FALSE),0.40) | Z15: =IFERROR(VLOOKUP(F15,Assumptions!$A$16:$C$20,3,FALSE),0.30) | AA15: =IF(P15<>"",P15*X15*W15,IF(L15<>"",L15/(1-Y15),K15)) | AB15: =IF(L15<>"",L15/(1-Z15),"") | AC15: =IF(AB15="",AA15,MAX(AA15,AB15)) | AD15: =IF(AC15="","",AC15*G15) | AE15: =IF(AD15="","",ROUNDUP(AD15,0)-0.01) | AF15: =IF(P15<>"","Competitor-based",IF(L15<>"","Cost+margin","Needs review"))
A16: 7ml-screw-top-jars-with-black-lids | B16: 7ml Glass Jars- Low Profile heavy bottom- Screw Top with Lids | C16: The 7ml Low Profile Heavy Bottom Glass Jar is a lab-grade concentrate container built for extractors, processors, and brands who need packaging that performs on the bench and looks right on the shelf. At 7ml (0.24 fl oz)… | D16: Quantity: 4500 / Lid Color: Black / Glass: Clear | E16: 7MLJAR-05B | F16: Packaging | G16: 4500 | H16: pcs | I16: 65 | K16: =IFERROR(I16/G16,"") | L16: =IFERROR(J16/G16,"") | M16: =IFERROR((I16-J16)/I16,"") | N16: 43 | O16: 90 | P16: =IFERROR(N16/O16,"") | S16: =IFERROR(Q16/R16,"") | T16: Observed | U16: https://sodoloco.com/products/low-profile-7ml-glass-jars-child-resistant-black-lid-90 | V16: Low profile 7ml glass jar with black lid; 90 pack listed at $43. | W16: =IF(G16="","",IF(G16<=Assumptions!$B$9,Assumptions!$C$9,IF(G16<=Assumptions!$B$10,Assumptions!$C$10,IF(G16<=Assumptions!$B$11,Assumptions!$C$11,Assumptions!$C$12)))) | X16: =IF(F16="Branded",Assumptions!$B$5,IF(OR(F16="Packaging",F16="Bags"),Assumptions!$B$4,1)) | Y16: =IFERROR(VLOOKUP(F16,Assumptions!$A$16:$C$20,2,FALSE),0.40) | Z16: =IFERROR(VLOOKUP(F16,Assumptions!$A$16:$C$20,3,FALSE),0.30) | AA16: =IF(P16<>"",P16*X16*W16,IF(L16<>"",L16/(1-Y16),K16)) | AB16: =IF(L16<>"",L16/(1-Z16),"") | AC16: =IF(AB16="",AA16,MAX(AA16,AB16)) | AD16: =IF(AC16="","",AC16*G16) | AE16: =IF(AD16="","",ROUNDUP(AD16,0)-0.01) | AF16: =IF(P16<>"","Competitor-based",IF(L16<>"","Cost+margin","Needs review"))
A17: 7ml-screw-top-jars-with-black-lids | B17: 7ml Glass Jars- Low Profile heavy bottom- Screw Top with Lids | C17: The 7ml Low Profile Heavy Bottom Glass Jar is a lab-grade concentrate container built for extractors, processors, and brands who need packaging that performs on the bench and looks right on the shelf. At 7ml (0.24 fl oz)… | D17: Quantity: 4500 / Lid Color: Black / Glass: Frosted | E17: 7MLJAR-05BF | F17: Packaging | G17: 4500 | H17: pcs | I17: 49.99 | K17: =IFERROR(I17/G17,"") | L17: =IFERROR(J17/G17,"") | M17: =IFERROR((I17-J17)/I17,"") | N17: 43 | O17: 90 | P17: =IFERROR(N17/O17,"") | S17: =IFERROR(Q17/R17,"") | T17: Observed | U17: https://sodoloco.com/products/low-profile-7ml-glass-jars-child-resistant-black-lid-90 | V17: Low profile 7ml glass jar with black lid; 90 pack listed at $43. | W17: =IF(G17="","",IF(G17<=Assumptions!$B$9,Assumptions!$C$9,IF(G17<=Assumptions!$B$10,Assumptions!$C$10,IF(G17<=Assumptions!$B$11,Assumptions!$C$11,Assumptions!$C$12)))) | X17: =IF(F17="Branded",Assumptions!$B$5,IF(OR(F17="Packaging",F17="Bags"),Assumptions!$B$4,1)) | Y17: =IFERROR(VLOOKUP(F17,Assumptions!$A$16:$C$20,2,FALSE),0.40) | Z17: =IFERROR(VLOOKUP(F17,Assumptions!$A$16:$C$20,3,FALSE),0.30) | AA17: =IF(P17<>"",P17*X17*W17,IF(L17<>"",L17/(1-Y17),K17)) | AB17: =IF(L17<>"",L17/(1-Z17),"") | AC17: =IF(AB17="",AA17,MAX(AA17,AB17)) | AD17: =IF(AC17="","",AC17*G17) | AE17: =IF(AD17="","",ROUNDUP(AD17,0)-0.01) | AF17: =IF(P17<>"","Competitor-based",IF(L17<>"","Cost+margin","Needs review"))
... A19: 7ml-screw-top-jars-with-black-lids | B19: 7ml Glass Jars- Low Profile heavy bottom- Screw Top with Lids | C19: The 7ml Low Profile Heavy Bottom Glass Jar is a lab-grade concentrate container built for extractors, processors, and brands who need packaging that performs on the bench and looks right on the shelf. At 7ml (0.24 fl oz)… | D19: Quantity: 9900 / Lid Color: Black / Glass: Frosted | E19: 7MLJAR-06BF | F19: Packaging | G19: 9900 | H19: pcs | I19: 79.99 | K19: =IFERROR(I19/G19,"") | L19: =IFERROR(J19/G19,"") | M19: =IFERROR((I19-J19)/I19,"") | N19: 43 | O19: 90 | P19: =IFERROR(N19/O19,"") | S19: =IFERROR(Q19/R19,"") | T19: Observed | U19: https://sodoloco.com/products/low-profile-7ml-glass-jars-child-resistant-black-lid-90 | V19: Low profile 7ml glass jar with black lid; 90 pack listed at $43. | W19: =IF(G19="","",IF(G19<=Assumptions!$B$9,Assumptions!$C$9,IF(G19<=Assumptions!$B$10,Assumptions!$C$10,IF(G19<=Assumptions!$B$11,Assumptions!$C$11,Assumptions!$C$12)))) | X19: =IF(F19="Branded",Assumptions!$B$5,IF(OR(F19="Packaging",F19="Bags"),Assumptions!$B$4,1)) | Y19: =IFERROR(VLOOKUP(F19,Assumptions!$A$16:$C$20,2,FALSE),0.40) | Z19: =IFERROR(VLOOKUP(F19,Assumptions!$A$16:$C$20,3,FALSE),0.30) | AA19: =IF(P19<>"",P19*X19*W19,IF(L19<>"",L19/(1-Y19),K19)) | AB19: =IF(L19<>"",L19/(1-Z19),"") | AC19: =IF(AB19="",AA19,MAX(AA19,AB19)) | AD19: =IF(AC19="","",AC19*G19) | AE19: =IF(AD19="","",ROUNDUP(AD19,0)-0.01) | AF19: =IF(P19<>"","Competitor-based",IF(L19<>"","Cost+margin","Needs review"))
A20: blank-boxes-for-7ml-jars | B20: Blank Boxes for Jars | C20: Oil Slick Blank Boxes for Jars are clean, retail-ready outer boxes for your concentrate jars, built for brands and extractors who want pro packaging without being locked into pre-printed designs. Sized to fit 5ml, 6ml, 7… | D20: Size: 7ml / Quantity: 50 / Color: Black | F20: Packaging | G20: 50 | H20: pcs | I20: 29.99 | K20: =IFERROR(I20/G20,"") | L20: =IFERROR(J20/G20,"") | M20: =IFERROR((I20-J20)/I20,"") | P20: =IFERROR(N20/O20,"") | S20: =IFERROR(Q20/R20,"") | W20: =IF(G20="","",IF(G20<=Assumptions!$B$9,Assumptions!$C$9,IF(G20<=Assumptions!$B$10,Assumptions!$C$10,IF(G20<=Assumptions!$B$11,Assumptions!$C$11,Assumptions!$C$12)))) | X20: =IF(F20="Branded",Assumptions!$B$5,IF(OR(F20="Packaging",F20="Bags"),Assumptions!$B$4,1)) | Y20: =IFERROR(VLOOKUP(F20,Assumptions!$A$16:$C$20,2,FALSE),0.40) | Z20: =IFERROR(VLOOKUP(F20,Assumptions!$A$16:$C$20,3,FALSE),0.30) | AA20: =IF(P20<>"",P20*X20*W20,IF(L20<>"",L20/(1-Y20),K20)) | AB20: =IF(L20<>"",L20/(1-Z20),"") | AC20: =IF(AB20="",AA20,MAX(AA20,AB20)) | AD20: =IF(AC20="","",AC20*G20) | AE20: =IF(AD20="","",ROUNDUP(AD20,0)-0.01) | AF20: =IF(P20<>"","Competitor-based",IF(L20<>"","Cost+margin","Needs review"))
A21: blank-boxes-for-7ml-jars | B21: Blank Boxes for Jars | C21: Oil Slick Blank Boxes for Jars are clean, retail-ready outer boxes for your concentrate jars, built for brands and extractors who want pro packaging without being locked into pre-printed designs. Sized to fit 5ml, 6ml, 7… | D21: Size: 7ml / Quantity: 500 / Color: Black | E21: BOX FOR JAR 7ML 500 | F21: Packaging | G21: 500 | H21: pcs | I21: 75 | J21: 258 | K21: =IFERROR(I21/G21,"") | L21: =IFERROR(J21/G21,"") | M21: =IFERROR((I21-J21)/I21,"") | P21: =IFERROR(N21/O21,"") | S21: =IFERROR(Q21/R21,"") | W21: =IF(G21="","",IF(G21<=Assumptions!$B$9,Assumptions!$C$9,IF(G21<=Assumptions!$B$10,Assumptions!$C$10,IF(G21<=Assumptions!$B$11,Assumptions!$C$11,Assumptions!$C$12)))) | X21: =IF(F21="Branded",Assumptions!$B$5,IF(OR(F21="Packaging",F21="Bags"),Assumptions!$B$4,1)) | Y21: =IFERROR(VLOOKUP(F21,Assumptions!$A$16:$C$20,2,FALSE),0.40) | Z21: =IFERROR(VLOOKUP(F21,Assumptions!$A$16:$C$20,3,FALSE),0.30) | AA21: =IF(P21<>"",P21*X21*W21,IF(L21<>"",L21/(1-Y21),K21)) | AB21: =IF(L21<>"",L21/(1-Z21),"") | AC21: =IF(AB21="",AA21,MAX(AA21,AB21)) | AD21: =IF(AC21="","",AC21*G21) | AE21: =IF(AD21="","",ROUNDUP(AD21,0)-0.01) | AF21: =IF(P21<>"","Competitor-based",IF(L21<>"","Cost+margin","Needs review"))
A22: blank-boxes-for-7ml-jars | B22: Blank Boxes for Jars | C22: Oil Slick Blank Boxes for Jars are clean, retail-ready outer boxes for your concentrate jars, built for brands and extractors who want pro packaging without being locked into pre-printed designs. Sized to fit 5ml, 6ml, 7… | D22: Size: 5ml / Quantity: 1000 / Color: Black | E22: BOX FOR JAR 5ml 1000 | F22: Packaging | G22: 1000 | H22: pcs | I22: 12.99 | K22: =IFERROR(I22/G22,"") | L22: =IFERROR(J22/G22,"") | M22: =IFERROR((I22-J22)/I22,"") | P22: =IFERROR(N22/O22,"") | S22: =IFERROR(Q22/R22,"") | W22: =IF(G22="","",IF(G22<=Assumptions!$B$9,Assumptions!$C$9,IF(G22<=Assumptions!$B$10,Assumptions!$C$10,IF(G22<=Assumptions!$B$11,Assumptions!$C$11,Assumptions!$C$12)))) | X22: =IF(F22="Branded",Assumptions!$B$5,IF(OR(F22="Packaging",F22="Bags"),Assumptions!$B$4,1)) | Y22: =IFERROR(VLOOKUP(F22,Assumptions!$A$16:$C$20,2,FALSE),0.40) | Z22: =IFERROR(VLOOKUP(F22,Assumptions!$A$16:$C$20,3,FALSE),0.30) | AA22: =IF(P22<>"",P22*X22*W22,IF(L22<>"",L22/(1-Y22),K22)) | AB22: =IF(L22<>"",L22/(1-Z22),"") | AC22: =IF(AB22="",AA22,MAX(AA22,AB22)) | AD22: =IF(AC22="","",AC22*G22) | AE22: =IF(AD22="","",ROUNDUP(AD22,0)-0.01) | AF22: =IF(P22<>"","Competitor-based",IF(L22<>"","Cost+margin","Needs review"))
A23: blank-boxes-for-7ml-jars | B23: Blank Boxes for Jars | C23: Oil Slick Blank Boxes for Jars are clean, retail-ready outer boxes for your concentrate jars, built for brands and extractors who want pro packaging without being locked into pre-printed designs. Sized to fit 5ml, 6ml, 7… | D23: Size: 5ml / Quantity: 1000 / Color: White | E23: BOX FOR JAR 5ML 1000 | F23: Packaging | G23: 1000 | H23: pcs | I23: 12.99 | K23: =IFERROR(I23/G23,"") | L23: =IFERROR(J23/G23,"") | M23: =IFERROR((I23-J23)/I23,"") | P23: =IFERROR(N23/O23,"") | S23: =IFERROR(Q23/R23,"") | W23: =IF(G23="","",IF(G23<=Assumptions!$B$9,Assumptions!$C$9,IF(G23<=Assumptions!$B$10,Assumptions!$C$10,IF(G23<=Assumptions!$B$11,Assumptions!$C$11,Assumptions!$C$12)))) | X23: =IF(F23="Branded",Assumptions!$B$5,IF(OR(F23="Packaging",F23="Bags"),Assumptions!$B$4,1)) | Y23: =IFERROR(VLOOKUP(F23,Assumptions!$A$16:$C$20,2,FALSE),0.40) | Z23: =IFERROR(VLOOKUP(F23,Assumptions!$A$16:$C$20,3,FALSE),0.30) | AA23: =IF(P23<>"",P23*X23*W23,IF(L23<>"",L23/(1-Y23),K23)) | AB23: =IF(L23<>"",L23/(1-Z23),"") | AC23: =IF(AB23="",AA23,MAX(AA23,AB23)) | AD23: =IF(AC23="","",AC23*G23) | AE23: =IF(AD23="","",ROUNDUP(AD23,0)-0.01) | AF23: =IF(P23<>"","Competitor-based",IF(L23<>"","Cost+margin","Needs review"))
A24: blank-boxes-for-7ml-jars | B24: Blank Boxes for Jars | C24: Oil Slick Blank Boxes for Jars are clean, retail-ready outer boxes for your concentrate jars, built for brands and extractors who want pro packaging without being locked into pre-printed designs. Sized to fit 5ml, 6ml, 7… | D24: Size: 6ml / Quantity: 1000 / Color: Black | E24: BOX FOR JAR 6ML 1000 | F24: Packaging | G24: 1000 | H24: pcs | I24: 10.99 | K24: =IFERROR(I24/G24,"") | L24: =IFERROR(J24/G24,"") | M24: =IFERROR((I24-J24)/I24,"") | P24: =IFERROR(N24/O24,"") | S24: =IFERROR(Q24/R24,"") | W24: =IF(G24="","",IF(G24<=Assumptions!$B$9,Assumptions!$C$9,IF(G24<=Assumptions!$B$10,Assumptions!$C$10,IF(G24<=Assumptions!$B$11,Assumptions!$C$11,Assumptions!$C$12)))) | X24: =IF(F24="Branded",Assumptions!$B$5,IF(OR(F24="Packaging",F24="Bags"),Assumptions!$B$4,1)) | Y24: =IFERROR(VLOOKUP(F24,Assumptions!$A$16:$C$20,2,FALSE),0.40) | Z24: =IFERROR(VLOOKUP(F24,Assumptions!$A$16:$C$20,3,FALSE),0.30) | AA24: =IF(P24<>"",P24*X24*W24,IF(L24<>"",L24/(1-Y24),K24)) | AB24: =IF(L24<>"",L24/(1-Z24),"") | AC24: =IF(AB24="",AA24,MAX(AA24,AB24)) | AD24: =IF(AC24="","",AC24*G24) | AE24: =IF(AD24="","",ROUNDUP(AD24,0)-0.01) | AF24: =IF(P24<>"","Competitor-based",IF(L24<>"","Cost+margin","Needs review"))
A25: blank-boxes-for-7ml-jars | B25: Blank Boxes for Jars | C25: Oil Slick Blank Boxes for Jars are clean, retail-ready outer boxes for your concentrate jars, built for brands and extractors who want pro packaging without being locked into pre-printed designs. Sized to fit 5ml, 6ml, 7… | D25: Size: 6ml / Quantity: 1000 / Color: White | E25: BOX FOR JAR 6ML 1000 | F25: Packaging | G25: 1000 | H25: pcs | I25: 19.99 | K25: =IFERROR(I25/G25,"") | L25: =IFERROR(J25/G25,"") | M25: =IFERROR((I25-J25)/I25,"") | P25: =IFERROR(N25/O25,"") | S25: =IFERROR(Q25/R25,"") | W25: =IF(G25="","",IF(G25<=Assumptions!$B$9,Assumptions!$C$9,IF(G25<=Assumptions!$B$10,Assumptions!$C$10,IF(G25<=Assumptions!$B$11,Assumptions!$C$11,Assumptions!$C$12)))) | X25: =IF(F25="Branded",Assumptions!$B$5,IF(OR(F25="Packaging",F25="Bags"),Assumptions!$B$4,1)) | Y25: =IFERROR(VLOOKUP(F25,Assumptions!$A$16:$C$20,2,FALSE),0.40) | Z25: =IFERROR(VLOOKUP(F25,Assumptions!$A$16:$C$20,3,FALSE),0.30) | AA25: =IF(P25<>"",P25*X25*W25,IF(L25<>"",L25/(1-Y25),K25)) | AB25: =IF(L25<>"",L25/(1-Z25),"") | AC25: =IF(AB25="",AA25,MAX(AA25,AB25)) | AD25: =IF(AC25="","",AC25*G25) | AE25: =IF(AD25="","",ROUNDUP(AD25,0)-0.01) | AF25: =IF(P25<>"","Competitor-based",IF(L25<>"","Cost+margin","Needs review"))
A26: blank-boxes-for-7ml-jars | B26: Blank Boxes for Jars | C26: Oil Slick Blank Boxes for Jars are clean, retail-ready outer boxes for your concentrate jars, built for brands and extractors who want pro packaging without being locked into pre-printed designs. Sized to fit 5ml, 6ml, 7… | D26: Size: 7ml / Quantity: 1000 / Color: Black | E26: BOX FOR JAR 7ML 1000 | F26: Packaging | G26: 1000 | H26: pcs | I26: 599.99 | J26: 444 | K26: =IFERROR(I26/G26,"") | L26: =IFERROR(J26/G26,"") | M26: =IFERROR((I26-J26)/I26,"") | P26: =IFERROR(N26/O26,"") | S26: =IFERROR(Q26/R26,"") | W26: =IF(G26="","",IF(G26<=Assumptions!$B$9,Assumptions!$C$9,IF(G26<=Assumptions!$B$10,Assumptions!$C$10,IF(G26<=Assumptions!$B$11,Assumptions!$C$11,Assumptions!$C$12)))) | X26: =IF(F26="Branded",Assumptions!$B$5,IF(OR(F26="Packaging",F26="Bags"),Assumptions!$B$4,1)) | Y26: =IFERROR(VLOOKUP(F26,Assumptions!$A$16:$C$20,2,FALSE),0.40) | Z26: =IFERROR(VLOOKUP(F26,Assumptions!$A$16:$C$20,3,FALSE),0.30) | AA26: =IF(P26<>"",P26*X26*W26,IF(L26<>"",L26/(1-Y26),K26)) | AB26: =IF(L26<>"",L26/(1-Z26),"") | AC26: =IF(AB26="",AA26,MAX(AA26,AB26)) | AD26: =IF(AC26="","",AC26*G26) | AE26: =IF(AD26="","",ROUNDUP(AD26,0)-0.01) | AF26: =IF(P26<>"","Competitor-based",IF(L26<>"","Cost+margin","Needs review"))
A27: blank-boxes-for-7ml-jars | B27: Blank Boxes for Jars | C27: Oil Slick Blank Boxes for Jars are clean, retail-ready outer boxes for your concentrate jars, built for brands and extractors who want pro packaging without being locked into pre-printed designs. Sized to fit 5ml, 6ml, 7… | D27: Size: 7ml / Quantity: 1000 / Color: White | E27: BOX FOR JAR 7ML 1000 | F27: Packaging | G27: 1000 | H27: pcs | I27: 9.99 | J27: 335 | K27: =IFERROR(I27/G27,"") | L27: =IFERROR(J27/G27,"") | M27: =IFERROR((I27-J27)/I27,"") | P27: =IFERROR(N27/O27,"") | S27: =IFERROR(Q27/R27,"") | W27: =IF(G27="","",IF(G27<=Assumptions!$B$9,Assumptions!$C$9,IF(G27<=Assumptions!$B$10,Assumptions!$C$10,IF(G27<=Assumptions!$B$11,Assumptions!$C$11,Assumptions!$C$12)))) | X27: =IF(F27="Branded",Assumptions!$B$5,IF(OR(F27="Packaging",F27="Bags"),Assumptions!$B$4,1)) | Y27: =IFERROR(VLOOKUP(F27,Assumptions!$A$16:$C$20,2,FALSE),0.40) | Z27: =IFERROR(VLOOKUP(F27,Assumptions!$A$16:$C$20,3,FALSE),0.30) | AA27: =IF(P27<>"",P27*X27*W27,IF(L27<>"",L27/(1-Y27),K27)) | AB27: =IF(L27<>"",L27/(1-Z27),"") | AC27: =IF(AB27="",AA27,MAX(AA27,AB27)) | AD27: =IF(AC27="","",AC27*G27) | AE27: =IF(AD27="","",ROUNDUP(AD27,0)-0.01) | AF27: =IF(P27<>"","Competitor-based",IF(L27<>"","Cost+margin","Needs review"))
A28: blank-boxes-for-7ml-jars | B28: Blank Boxes for Jars | C28: Oil Slick Blank Boxes for Jars are clean, retail-ready outer boxes for your concentrate jars, built for brands and extractors who want pro packaging without being locked into pre-printed designs. Sized to fit 5ml, 6ml, 7… | D28: Size: 9ml / Quantity: 1000 / Color: Black | E28: BOX FOR JAR 9ML 1000 | F28: Packaging | G28: 1000 | H28: pcs | I28: 24.99 | J28: 553 | K28: =IFERROR(I28/G28,"") | L28: =IFERROR(J28/G28,"") | M28: =IFERROR((I28-J28)/I28,"") | P28: =IFERROR(N28/O28,"") | S28: =IFERROR(Q28/R28,"") | W28: =IF(G28="","",IF(G28<=Assumptions!$B$9,Assumptions!$C$9,IF(G28<=Assumptions!$B$10,Assumptions!$C$10,IF(G28<=Assumptions!$B$11,Assumptions!$C$11,Assumptions!$C$12)))) | X28: =IF(F28="Branded",Assumptions!$B$5,IF(OR(F28="Packaging",F28="Bags"),Assumptions!$B$4,1)) | Y28: =IFERROR(VLOOKUP(F28,Assumptions!$A$16:$C$20,2,FALSE),0.40) | Z28: =IFERROR(VLOOKUP(F28,Assumptions!$A$16:$C$20,3,FALSE),0.30) | AA28: =IF(P28<>"",P28*X28*W28,IF(L28<>"",L28/(1-Y28),K28)) | AB28: =IF(L28<>"",L28/(1-Z28),"") | AC28: =IF(AB28="",AA28,MAX(AA28,AB28)) | AD28: =IF(AC28="","",AC28*G28) | AE28: =IF(AD28="","",ROUNDUP(AD28,0)-0.01) | AF28: =IF(P28<>"","Competitor-based",IF(L28<>"","Cost+margin","Needs review"))
A29: blank-boxes-for-7ml-jars | B29: Blank Boxes for Jars | C29: Oil Slick Blank Boxes for Jars are clean, retail-ready outer boxes for your concentrate jars, built for brands and extractors who want pro packaging without being locked into pre-printed designs. Sized to fit 5ml, 6ml, 7… | D29: Size: 6ml / Quantity: 5000 / Color: White | E29: BOX FOR JAR 6ML 5000 | F29: Packaging | G29: 5000 | H29: pcs | I29: 12.99 | K29: =IFERROR(I29/G29,"") | L29: =IFERROR(J29/G29,"") | M29: =IFERROR((I29-J29)/I29,"") | P29: =IFERROR(N29/O29,"") | S29: =IFERROR(Q29/R29,"") | W29: =IF(G29="","",IF(G29<=Assumptions!$B$9,Assumptions!$C$9,IF(G29<=Assumptions!$B$10,Assumptions!$C$10,IF(G29<=Assumptions!$B$11,Assumptions!$C$11,Assumptions!$C$12)))) | X29: =IF(F29="Branded",Assumptions!$B$5,IF(OR(F29="Packaging",F29="Bags"),Assumptions!$B$4,1)) | Y29: =IFERROR(VLOOKUP(F29,Assumptions!$A$16:$C$20,2,FALSE),0.40) | Z29: =IFERROR(VLOOKUP(F29,Assumptions!$A$16:$C$20,3,FALSE),0.30) | AA29: =IF(P29<>"",P29*X29*W29,IF(L29<>"",L29/(1-Y29),K29)) | AB29: =IF(L29<>"",L29/(1-Z29),"") | AC29: =IF(AB29="",AA29,MAX(AA29,AB29)) | AD29: =IF(AC29="","",AC29*G29) | AE29: =IF(AD29="","",ROUNDUP(AD29,0)-0.01) | AF29: =IF(P29<>"","Competitor-based",IF(L29<>"","Cost+margin","Needs review"))
A30: blank-boxes-for-7ml-jars | B30: Blank Boxes for Jars | C30: Oil Slick Blank Boxes for Jars are clean, retail-ready outer boxes for your concentrate jars, built for brands and extractors who want pro packaging without being locked into pre-printed designs. Sized to fit 5ml, 6ml, 7… | D30: Size: 5ml / Quantity: 5000 / Color: Black | E30: BOX FOR JAR 5ML 5000 | F30: Packaging | G30: 5000 | H30: pcs | I30: 9.99 | K30: =IFERROR(I30/G30,"") | L30: =IFERROR(J30/G30,"") | M30: =IFERROR((I30-J30)/I30,"") | P30: =IFERROR(N30/O30,"") | S30: =IFERROR(Q30/R30,"") | W30: =IF(G30="","",IF(G30<=Assumptions!$B$9,Assumptions!$C$9,IF(G30<=Assumptions!$B$10,Assumptions!$C$10,IF(G30<=Assumptions!$B$11,Assumptions!$C$11,Assumptions!$C$12)))) | X30: =IF(F30="Branded",Assumptions!$B$5,IF(OR(F30="Packaging",F30="Bags"),Assumptions!$B$4,1)) | Y30: =IFERROR(VLOOKUP(F30,Assumptions!$A$16:$C$20,2,FALSE),0.40) | Z30: =IFERROR(VLOOKUP(F30,Assumptions!$A$16:$C$20,3,FALSE),0.30) | AA30: =IF(P30<>"",P30*X30*W30,IF(L30<>"",L30/(1-Y30),K30)) | AB30: =IF(L30<>"",L30/(1-Z30),"") | AC30: =IF(AB30="",AA30,MAX(AA30,AB30)) | AD30: =IF(AC30="","",AC30*G30) | AE30: =IF(AD30="","",ROUNDUP(AD30,0)-0.01) | AF30: =IF(P30<>"","Competitor-based",IF(L30<>"","Cost+margin","Needs review"))
A31: blank-boxes-for-7ml-jars | B31: Blank Boxes for Jars | C31: Oil Slick Blank Boxes for Jars are clean, retail-ready outer boxes for your concentrate jars, built for brands and extractors who want pro packaging without being locked into pre-printed designs. Sized to fit 5ml, 6ml, 7… | D31: Size: 6ml / Quantity: 10000 / Color: Black | E31: BOX FOR JAR 6ML 10000 | F31: Packaging | G31: 10000 | H31: pcs | I31: 599.99 | K31: =IFERROR(I31/G31,"") | L31: =IFERROR(J31/G31,"") | M31: =IFERROR((I31-J31)/I31,"") | P31: =IFERROR(N31/O31,"") | S31: =IFERROR(Q31/R31,"") | W31: =IF(G31="","",IF(G31<=Assumptions!$B$9,Assumptions!$C$9,IF(G31<=Assumptions!$B$10,Assumptions!$C$10,IF(G31<=Assumptions!$B$11,Assumptions!$C$11,Assumptions!$C$12)))) | X31: =IF(F31="Branded",Assumptions!$B$5,IF(OR(F31="Packaging",F31="Bags"),Assumptions!$B$4,1)) | Y31: =IFERROR(VLOOKUP(F31,Assumptions!$A$16:$C$20,2,FALSE),0.40) | Z31: =IFERROR(VLOOKUP(F31,Assumptions!$A$16:$C$20,3,FALSE),0.30) | AA31: =IF(P31<>"",P31*X31*W31,IF(L31<>"",L31/(1-Y31),K31)) | AB31: =IF(L31<>"",L31/(1-Z31),"") | AC31: =IF(AB31="",AA31,MAX(AA31,AB31)) | AD31: =IF(AC31="","",AC31*G31) | AE31: =IF(AD31="","",ROUNDUP(AD31,0)-0.01) | AF31: =IF(P31<>"","Competitor-based",IF(L31<>"","Cost+margin","Needs review"))
A32: blank-boxes-for-7ml-jars | B32: Blank Boxes for Jars | C32: Oil Slick Blank Boxes for Jars are clean, retail-ready outer boxes for your concentrate jars, built for brands and extractors who want pro packaging without being locked into pre-printed designs. Sized to fit 5ml, 6ml, 7… | D32: Size: 5ml / Quantity: 5000 / Color: White | E32: BOX FOR JAR 5ML 5000 | F32: Packaging | G32: 5000 | H32: pcs | I32: 12.99 | K32: =IFERROR(I32/G32,"") | L32: =IFERROR(J32/G32,"") | M32: =IFERROR((I32-J32)/I32,"") | P32: =IFERROR(N32/O32,"") | S32: =IFERROR(Q32/R32,"") | W32: =IF(G32="","",IF(G32<=Assumptions!$B$9,Assumptions!$C$9,IF(G32<=Assumptions!$B$10,Assumptions!$C$10,IF(G32<=Assumptions!$B$11,Assumptions!$C$11,Assumptions!$C$12)))) | X32: =IF(F32="Branded",Assumptions!$B$5,IF(OR(F32="Packaging",F32="Bags"),Assumptions!$B$4,1)) | Y32: =IFERROR(VLOOKUP(F32,Assumptions!$A$16:$C$20,2,FALSE),0.40) | Z32: =IFERROR(VLOOKUP(F32,Assumptions!$A$16:$C$20,3,FALSE),0.30) | AA32: =IF(P32<>"",P32*X32*W32,IF(L32<>"",L32/(1-Y32),K32)) | AB32: =IF(L32<>"",L32/(1-Z32),"") | AC32: =IF(AB32="",AA32,MAX(AA32,AB32)) | AD32: =IF(AC32="","",AC32*G32) | AE32: =IF(AD32="","",ROUNDUP(AD32,0)-0.01) | AF32: =IF(P32<>"","Competitor-based",IF(L32<>"","Cost+margin","Needs review"))
A33: blank-boxes-for-7ml-jars | B33: Blank Boxes for Jars | C33: Oil Slick Blank Boxes for Jars are clean, retail-ready outer boxes for your concentrate jars, built for brands and extractors who want pro packaging without being locked into pre-printed designs. Sized to fit 5ml, 6ml, 7… | D33: Size: 6ml / Quantity: 5000 / Color: Black | E33: BOX FOR JAR 6ML 5000 | F33: Packaging | G33: 5000 | H33: pcs | I33: 12.99 | K33: =IFERROR(I33/G33,"") | L33: =IFERROR(J33/G33,"") | M33: =IFERROR((I33-J33)/I33,"") | P33: =IFERROR(N33/O33,"") | S33: =IFERROR(Q33/R33,"") | W33: =IF(G33="","",IF(G33<=Assumptions!$B$9,Assumptions!$C$9,IF(G33<=Assumptions!$B$10,Assumptions!$C$10,IF(G33<=Assumptions!$B$11,Assumptions!$C$11,Assumptions!$C$12)))) | X33: =IF(F33="Branded",Assumptions!$B$5,IF(OR(F33="Packaging",F33="Bags"),Assumptions!$B$4,1)) | Y33: =IFERROR(VLOOKUP(F33,Assumptions!$A$16:$C$20,2,FALSE),0.40) | Z33: =IFERROR(VLOOKUP(F33,Assumptions!$A$16:$C$20,3,FALSE),0.30) | AA33: =IF(P33<>"",P33*X33*W33,IF(L33<>"",L33/(1-Y33),K33)) | AB33: =IF(L33<>"",L33/(1-Z33),"") | AC33: =IF(AB33="",AA33,MAX(AA33,AB33)) | AD33: =IF(AC33="","",AC33*G33) | AE33: =IF(AD33="","",ROUNDUP(AD33,0)-0.01) | AF33: =IF(P33<>"","Competitor-based",IF(L33<>"","Cost+margin","Needs review"))
A34: blank-boxes-for-7ml-jars | B34: Blank Boxes for Jars | C34: Oil Slick Blank Boxes for Jars are clean, retail-ready outer boxes for your concentrate jars, built for brands and extractors who want pro packaging without being locked into pre-printed designs. Sized to fit 5ml, 6ml, 7… | D34: Size: 7ml / Quantity: 5000 / Color: Black | E34: BOX FOR JAR 7ML 5000 | F34: Packaging | G34: 5000 | H34: pcs | I34: 9.99 | K34: =IFERROR(I34/G34,"") | L34: =IFERROR(J34/G34,"") | M34: =IFERROR((I34-J34)/I34,"") | P34: =IFERROR(N34/O34,"") | S34: =IFERROR(Q34/R34,"") | W34: =IF(G34="","",IF(G34<=Assumptions!$B$9,Assumptions!$C$9,IF(G34<=Assumptions!$B$10,Assumptions!$C$10,IF(G34<=Assumptions!$B$11,Assumptions!$C$11,Assumptions!$C$12)))) | X34: =IF(F34="Branded",Assumptions!$B$5,IF(OR(F34="Packaging",F34="Bags"),Assumptions!$B$4,1)) | Y34: =IFERROR(VLOOKUP(F34,Assumptions!$A$16:$C$20,2,FALSE),0.40) | Z34: =IFERROR(VLOOKUP(F34,Assumptions!$A$16:$C$20,3,FALSE),0.30) | AA34: =IF(P34<>"",P34*X34*W34,IF(L34<>"",L34/(1-Y34),K34)) | AB34: =IF(L34<>"",L34/(1-Z34),"") | AC34: =IF(AB34="",AA34,MAX(AA34,AB34)) | AD34: =IF(AC34="","",AC34*G34) | AE34: =IF(AD34="","",ROUNDUP(AD34,0)-0.01) | AF34: =IF(P34<>"","Competitor-based",IF(L34<>"","Cost+margin","Needs review"))
A35: blank-boxes-for-7ml-jars | B35: Blank Boxes for Jars | C35: Oil Slick Blank Boxes for Jars are clean, retail-ready outer boxes for your concentrate jars, built for brands and extractors who want pro packaging without being locked into pre-printed designs. Sized to fit 5ml, 6ml, 7… | D35: Size: 7ml / Quantity: 5000 / Color: White | E35: BOX FOR JAR 7ML 5000 | F35: Packaging | G35: 5000 | H35: pcs | I35: 19.99 | K35: =IFERROR(I35/G35,"") | L35: =IFERROR(J35/G35,"") | M35: =IFERROR((I35-J35)/I35,"") | P35: =IFERROR(N35/O35,"") | S35: =IFERROR(Q35/R35,"") | W35: =IF(G35="","",IF(G35<=Assumptions!$B$9,Assumptions!$C$9,IF(G35<=Assumptions!$B$10,Assumptions!$C$10,IF(G35<=Assumptions!$B$11,Assumptions!$C$11,Assumptions!$C$12)))) | X35: =IF(F35="Branded",Assumptions!$B$5,IF(OR(F35="Packaging",F35="Bags"),Assumptions!$B$4,1)) | Y35: =IFERROR(VLOOKUP(F35,Assumptions!$A$16:$C$20,2,FALSE),0.40) | Z35: =IFERROR(VLOOKUP(F35,Assumptions!$A$16:$C$20,3,FALSE),0.30) | AA35: =IF(P35<>"",P35*X35*W35,IF(L35<>"",L35/(1-Y35),K35)) | AB35: =IF(L35<>"",L35/(1-Z35),"") | AC35: =IF(AB35="",AA35,MAX(AA35,AB35)) | AD35: =IF(AC35="","",AC35*G35) | AE35: =IF(AD35="","",ROUNDUP(AD35,0)-0.01) | AF35: =IF(P35<>"","Competitor-based",IF(L35<>"","Cost+margin","Needs review"))
A36: blank-boxes-for-7ml-jars | B36: Blank Boxes for Jars | C36: Oil Slick Blank Boxes for Jars are clean, retail-ready outer boxes for your concentrate jars, built for brands and extractors who want pro packaging without being locked into pre-printed designs. Sized to fit 5ml, 6ml, 7… | D36: Size: 9ml / Quantity: 5000 / Color: Black | E36: BOX FOR JAR 9ML 5000 | F36: Packaging | G36: 5000 | H36: pcs | I36: 14.99 | J36: 2461 | K36: =IFERROR(I36/G36,"") | L36: =IFERROR(J36/G36,"") | M36: =IFERROR((I36-J36)/I36,"") | P36: =IFERROR(N36/O36,"") | S36: =IFERROR(Q36/R36,"") | W36: =IF(G36="","",IF(G36<=Assumptions!$B$9,Assumptions!$C$9,IF(G36<=Assumptions!$B$10,Assumptions!$C$10,IF(G36<=Assumptions!$B$11,Assumptions!$C$11,Assumptions!$C$12)))) | X36: =IF(F36="Branded",Assumptions!$B$5,IF(OR(F36="Packaging",F36="Bags"),Assumptions!$B$4,1)) | Y36: =IFERROR(VLOOKUP(F36,Assumptions!$A$16:$C$20,2,FALSE),0.40) | Z36: =IFERROR(VLOOKUP(F36,Assumptions!$A$16:$C$20,3,FALSE),0.30) | AA36: =IF(P36<>"",P36*X36*W36,IF(L36<>"",L36/(1-Y36),K36)) | AB36: =IF(L36<>"",L36/(1-Z36),"") | AC36: =IF(AB36="",AA36,MAX(AA36,AB36)) | AD36: =IF(AC36="","",AC36*G36) | AE36: =IF(AD36="","",ROUNDUP(AD36,0)-0.01) | AF36: =IF(P36<>"","Competitor-based",IF(L36<>"","Cost+margin","Needs review"))
A37: blank-boxes-for-7ml-jars | B37: Blank Boxes for Jars | C37: Oil Slick Blank Boxes for Jars are clean, retail-ready outer boxes for your concentrate jars, built for brands and extractors who want pro packaging without being locked into pre-printed designs. Sized to fit 5ml, 6ml, 7… | D37: Size: 9ml / Quantity: 5000 / Color: White | E37: BOX FOR JAR 9ML 5000 | F37: Packaging | G37: 5000 | H37: pcs | I37: 9.99 | J37: 2256 | K37: =IFERROR(I37/G37,"") | L37: =IFERROR(J37/G37,"") | M37: =IFERROR((I37-J37)/I37,"") | P37: =IFERROR(N37/O37,"") | S37: =IFERROR(Q37/R37,"") | W37: =IF(G37="","",IF(G37<=Assumptions!$B$9,Assumptions!$C$9,IF(G37<=Assumptions!$B$10,Assumptions!$C$10,IF(G37<=Assumptions!$B$11,Assumptions!$C$11,Assumptions!$C$12)))) | X37: =IF(F37="Branded",Assumptions!$B$5,IF(OR(F37="Packaging",F37="Bags"),Assumptions!$B$4,1)) | Y37: =IFERROR(VLOOKUP(F37,Assumptions!$A$16:$C$20,2,FALSE),0.40) | Z37: =IFERROR(VLOOKUP(F37,Assumptions!$A$16:$C$20,3,FALSE),0.30) | AA37: =IF(P37<>"",P37*X37*W37,IF(L37<>"",L37/(1-Y37),K37)) | AB37: =IF(L37<>"",L37/(1-Z37),"") | AC37: =IF(AB37="",AA37,MAX(AA37,AB37)) | AD37: =IF(AC37="","",AC37*G37) | AE37: =IF(AD37="","",ROUNDUP(AD37,0)-0.01) | AF37: =IF(P37<>"","Competitor-based",IF(L37<>"","Cost+margin","Needs review"))
A38: blank-boxes-for-7ml-jars | B38: Blank Boxes for Jars | C38: Oil Slick Blank Boxes for Jars are clean, retail-ready outer boxes for your concentrate jars, built for brands and extractors who want pro packaging without being locked into pre-printed designs. Sized to fit 5ml, 6ml, 7… | D38: Size: 5ml / Quantity: 10000 / Color: Black | E38: BOX FOR JAR 5ML 10000 | F38: Packaging | G38: 10000 | H38: pcs | I38: 9.99 | K38: =IFERROR(I38/G38,"") | L38: =IFERROR(J38/G38,"") | M38: =IFERROR((I38-J38)/I38,"") | P38: =IFERROR(N38/O38,"") | S38: =IFERROR(Q38/R38,"") | W38: =IF(G38="","",IF(G38<=Assumptions!$B$9,Assumptions!$C$9,IF(G38<=Assumptions!$B$10,Assumptions!$C$10,IF(G38<=Assumptions!$B$11,Assumptions!$C$11,Assumptions!$C$12)))) | X38: =IF(F38="Branded",Assumptions!$B$5,IF(OR(F38="Packaging",F38="Bags"),Assumptions!$B$4,1)) | Y38: =IFERROR(VLOOKUP(F38,Assumptions!$A$16:$C$20,2,FALSE),0.40) | Z38: =IFERROR(VLOOKUP(F38,Assumptions!$A$16:$C$20,3,FALSE),0.30) | AA38: =IF(P38<>"",P38*X38*W38,IF(L38<>"",L38/(1-Y38),K38)) | AB38: =IF(L38<>"",L38/(1-Z38),"") | AC38: =IF(AB38="",AA38,MAX(AA38,AB38)) | AD38: =IF(AC38="","",AC38*G38) | AE38: =IF(AD38="","",ROUNDUP(AD38,0)-0.01) | AF38: =IF(P38<>"","Competitor-based",IF(L38<>"","Cost+margin","Needs review"))
A39: blank-boxes-for-7ml-jars | B39: Blank Boxes for Jars | C39: Oil Slick Blank Boxes for Jars are clean, retail-ready outer boxes for your concentrate jars, built for brands and extractors who want pro packaging without being locked into pre-printed designs. Sized to fit 5ml, 6ml, 7… | D39: Size: 5ml / Quantity: 10000 / Color: White | E39: BOX FOR JAR 5ML 10000 | F39: Packaging | G39: 10000 | H39: pcs | I39: 10.99 | K39: =IFERROR(I39/G39,"") | L39: =IFERROR(J39/G39,"") | M39: =IFERROR((I39-J39)/I39,"") | P39: =IFERROR(N39/O39,"") | S39: =IFERROR(Q39/R39,"") | W39: =IF(G39="","",IF(G39<=Assumptions!$B$9,Assumptions!$C$9,IF(G39<=Assumptions!$B$10,Assumptions!$C$10,IF(G39<=Assumptions!$B$11,Assumptions!$C$11,Assumptions!$C$12)))) | X39: =IF(F39="Branded",Assumptions!$B$5,IF(OR(F39="Packaging",F39="Bags"),Assumptions!$B$4,1)) | Y39: =IFERROR(VLOOKUP(F39,Assumptions!$A$16:$C$20,2,FALSE),0.40) | Z39: =IFERROR(VLOOKUP(F39,Assumptions!$A$16:$C$20,3,FALSE),0.30) | AA39: =IF(P39<>"",P39*X39*W39,IF(L39<>"",L39/(1-Y39),K39)) | AB39: =IF(L39<>"",L39/(1-Z39),"") | AC39: =IF(AB39="",AA39,MAX(AA39,AB39)) | AD39: =IF(AC39="","",AC39*G39) | AE39: =IF(AD39="","",ROUNDUP(AD39,0)-0.01) | AF39: =IF(P39<>"","Competitor-based",IF(L39<>"","Cost+margin","Needs review"))
A40: blank-boxes-for-7ml-jars | B40: Blank Boxes for Jars | C40: Oil Slick Blank Boxes for Jars are clean, retail-ready outer boxes for your concentrate jars, built for brands and extractors who want pro packaging without being locked into pre-printed designs. Sized to fit 5ml, 6ml, 7… | D40: Size: 6ml / Quantity: 10000 / Color: White | E40: BOX FOR JAR 6ML 10000 | F40: Packaging | G40: 10000 | H40: pcs | I40: 29.99 | K40: =IFERROR(I40/G40,"") | L40: =IFERROR(J40/G40,"") | M40: =IFERROR((I40-J40)/I40,"") | P40: =IFERROR(N40/O40,"") | S40: =IFERROR(Q40/R40,"") | W40: =IF(G40="","",IF(G40<=Assumptions!$B$9,Assumptions!$C$9,IF(G40<=Assumptions!$B$10,Assumptions!$C$10,IF(G40<=Assumptions!$B$11,Assumptions!$C$11,Assumptions!$C$12)))) | X40: =IF(F40="Branded",Assumptions!$B$5,IF(OR(F40="Packaging",F40="Bags"),Assumptions!$B$4,1)) | Y40: =IFERROR(VLOOKUP(F40,Assumptions!$A$16:$C$20,2,FALSE),0.40) | Z40: =IFERROR(VLOOKUP(F40,Assumptions!$A$16:$C$20,3,FALSE),0.30) | AA40: =IF(P40<>"",P40*X40*W40,IF(L40<>"",L40/(1-Y40),K40)) | AB40: =IF(L40<>"",L40/(1-Z40),"") | AC40: =IF(AB40="",AA40,MAX(AA40,AB40)) | AD40: =IF(AC40="","",AC40*G40) | AE40: =IF(AD40="","",ROUNDUP(AD40,0)-0.01) | AF40: =IF(P40<>"","Competitor-based",IF(L40<>"","Cost+margin","Needs review"))
A41: blank-boxes-for-7ml-jars | B41: Blank Boxes for Jars | C41: Oil Slick Blank Boxes for Jars are clean, retail-ready outer boxes for your concentrate jars, built for brands and extractors who want pro packaging without being locked into pre-printed designs. Sized to fit 5ml, 6ml, 7… | D41: Size: 9ml / Quantity: 1000 / Color: White | E41: BOX FOR JAR 9ML 1000 | F41: Packaging | G41: 1000 | H41: pcs | I41: 19.99 | J41: 570 | K41: =IFERROR(I41/G41,"") | L41: =IFERROR(J41/G41,"") | M41: =IFERROR((I41-J41)/I41,"") | P41: =IFERROR(N41/O41,"") | S41: =IFERROR(Q41/R41,"") | W41: =IF(G41="","",IF(G41<=Assumptions!$B$9,Assumptions!$C$9,IF(G41<=Assumptions!$B$10,Assumptions!$C$10,IF(G41<=Assumptions!$B$11,Assumptions!$C$11,Assumptions!$C$12)))) | X41: =IF(F41="Branded",Assumptions!$B$5,IF(OR(F41="Packaging",F41="Bags"),Assumptions!$B$4,1)) | Y41: =IFERROR(VLOOKUP(F41,Assumptions!$A$16:$C$20,2,FALSE),0.40) | Z41: =IFERROR(VLOOKUP(F41,Assumptions!$A$16:$C$20,3,FALSE),0.30) | AA41: =IF(P41<>"",P41*X41*W41,IF(L41<>"",L41/(1-Y41),K41)) | AB41: =IF(L41<>"",L41/(1-Z41),"") | AC41: =IF(AB41="",AA41,MAX(AA41,AB41)) | AD41: =IF(AC41="","",AC41*G41) | AE41: =IF(AD41="","",ROUNDUP(AD41,0)-0.01) | AF41: =IF(P41<>"","Competitor-based",IF(L41<>"","Cost+margin","Needs review"))
A42: blank-boxes-for-7ml-jars | B42: Blank Boxes for Jars | C42: Oil Slick Blank Boxes for Jars are clean, retail-ready outer boxes for your concentrate jars, built for brands and extractors who want pro packaging without being locked into pre-printed designs. Sized to fit 5ml, 6ml, 7… | D42: Size: 7ml / Quantity: 10000 / Color: Black | E42: BOX FOR JAR 7ML 10000 | F42: Packaging | G42: 10000 | H42: pcs | I42: 49.99 | J42: 4004 | K42: =IFERROR(I42/G42,"") | L42: =IFERROR(J42/G42,"") | M42: =IFERROR((I42-J42)/I42,"") | P42: =IFERROR(N42/O42,"") | S42: =IFERROR(Q42/R42,"") | W42: =IF(G42="","",IF(G42<=Assumptions!$B$9,Assumptions!$C$9,IF(G42<=Assumptions!$B$10,Assumptions!$C$10,IF(G42<=Assumptions!$B$11,Assumptions!$C$11,Assumptions!$C$12)))) | X42: =IF(F42="Branded",Assumptions!$B$5,IF(OR(F42="Packaging",F42="Bags"),Assumptions!$B$4,1)) | Y42: =IFERROR(VLOOKUP(F42,Assumptions!$A$16:$C$20,2,FALSE),0.40) | Z42: =IFERROR(VLOOKUP(F42,Assumptions!$A$16:$C$20,3,FALSE),0.30) | AA42: =IF(P42<>"",P42*X42*W42,IF(L42<>"",L42/(1-Y42),K42)) | AB42: =IF(L42<>"",L42/(1-Z42),"") | AC42: =IF(AB42="",AA42,MAX(AA42,AB42)) | AD42: =IF(AC42="","",AC42*G42) | AE42: =IF(AD42="","",ROUNDUP(AD42,0)-0.01) | AF42: =IF(P42<>"","Competitor-based",IF(L42<>"","Cost+margin","Needs review"))
A43: blank-boxes-for-7ml-jars | B43: Blank Boxes for Jars | C43: Oil Slick Blank Boxes for Jars are clean, retail-ready outer boxes for your concentrate jars, built for brands and extractors who want pro packaging without being locked into pre-printed designs. Sized to fit 5ml, 6ml, 7… | D43: Size: 7ml / Quantity: 10000 / Color: White | E43: BOX FOR JAR 7ML 10000 | F43: Packaging | G43: 10000 | H43: pcs | I43: 49.99 | K43: =IFERROR(I43/G43,"") | L43: =IFERROR(J43/G43,"") | M43: =IFERROR((I43-J43)/I43,"") | P43: =IFERROR(N43/O43,"") | S43: =IFERROR(Q43/R43,"") | W43: =IF(G43="","",IF(G43<=Assumptions!$B$9,Assumptions!$C$9,IF(G43<=Assumptions!$B$10,Assumptions!$C$10,IF(G43<=Assumptions!$B$11,Assumptions!$C$11,Assumptions!$C$12)))) | X43: =IF(F43="Branded",Assumptions!$B$5,IF(OR(F43="Packaging",F43="Bags"),Assumptions!$B$4,1)) | Y43: =IFERROR(VLOOKUP(F43,Assumptions!$A$16:$C$20,2,FALSE),0.40) | Z43: =IFERROR(VLOOKUP(F43,Assumptions!$A$16:$C$20,3,FALSE),0.30) | AA43: =IF(P43<>"",P43*X43*W43,IF(L43<>"",L43/(1-Y43),K43)) | AB43: =IF(L43<>"",L43/(1-Z43),"") | AC43: =IF(AB43="",AA43,MAX(AA43,AB43)) | AD43: =IF(AC43="","",AC43*G43) | AE43: =IF(AD43="","",ROUNDUP(AD43,0)-0.01) | AF43: =IF(P43<>"","Competitor-based",IF(L43<>"","Cost+margin","Needs review"))
A44: blank-boxes-for-7ml-jars | B44: Blank Boxes for Jars | C44: Oil Slick Blank Boxes for Jars are clean, retail-ready outer boxes for your concentrate jars, built for brands and extractors who want pro packaging without being locked into pre-printed designs. Sized to fit 5ml, 6ml, 7… | D44: Size: 9ml / Quantity: 10000 / Color: Black | E44: BOX FOR JAR 9ML 10000 | F44: Packaging | G44: 10000 | H44: pcs | I44: 79.99 | J44: 4636 | K44: =IFERROR(I44/G44,"") | L44: =IFERROR(J44/G44,"") | M44: =IFERROR((I44-J44)/I44,"") | P44: =IFERROR(N44/O44,"") | S44: =IFERROR(Q44/R44,"") | W44: =IF(G44="","",IF(G44<=Assumptions!$B$9,Assumptions!$C$9,IF(G44<=Assumptions!$B$10,Assumptions!$C$10,IF(G44<=Assumptions!$B$11,Assumptions!$C$11,Assumptions!$C$12)))) | X44: =IF(F44="Branded",Assumptions!$B$5,IF(OR(F44="Packaging",F44="Bags"),Assumptions!$B$4,1)) | Y44: =IFERROR(VLOOKUP(F44,Assumptions!$A$16:$C$20,2,FALSE),0.40) | Z44: =IFERROR(VLOOKUP(F44,Assumptions!$A$16:$C$20,3,FALSE),0.30) | AA44: =IF(P44<>"",P44*X44*W44,IF(L44<>"",L44/(1-Y44),K44)) | AB44: =IF(L44<>"",L44/(1-Z44),"") | AC44: =IF(AB44="",AA44,MAX(AA44,AB44)) | AD44: =IF(AC44="","",AC44*G44) | AE44: =IF(AD44="","",ROUNDUP(AD44,0)-0.01) | AF44: =IF(P44<>"","Competitor-based",IF(L44<>"","Cost+margin","Needs review"))
A45: blank-boxes-for-7ml-jars | B45: Blank Boxes for Jars | C45: Oil Slick Blank Boxes for Jars are clean, retail-ready outer boxes for your concentrate jars, built for brands and extractors who want pro packaging without being locked into pre-printed designs. Sized to fit 5ml, 6ml, 7… | D45: Size: 9ml / Quantity: 10000 / Color: White | E45: BOX FOR JAR 9ML 10000 | F45: Packaging | G45: 10000 | H45: pcs | I45: 19.99 | J45: 4261 | K45: =IFERROR(I45/G45,"") | L45: =IFERROR(J45/G45,"") | M45: =IFERROR((I45-J45)/I45,"") | P45: =IFERROR(N45/O45,"") | S45: =IFERROR(Q45/R45,"") | W45: =IF(G45="","",IF(G45<=Assumptions!$B$9,Assumptions!$C$9,IF(G45<=Assumptions!$B$10,Assumptions!$C$10,IF(G45<=Assumptions!$B$11,Assumptions!$C$11,Assumptions!$C$12)))) | X45: =IF(F45="Branded",Assumptions!$B$5,IF(OR(F45="Packaging",F45="Bags"),Assumptions!$B$4,1)) | Y45: =IFERROR(VLOOKUP(F45,Assumptions!$A$16:$C$20,2,FALSE),0.40) | Z45: =IFERROR(VLOOKUP(F45,Assumptions!$A$16:$C$20,3,FALSE),0.30) | AA45: =IF(P45<>"",P45*X45*W45,IF(L45<>"",L45/(1-Y45),K45)) | AB45: =IF(L45<>"",L45/(1-Z45),"") | AC45: =IF(AB45="",AA45,MAX(AA45,AB45)) | AD45: =IF(AC45="","",AC45*G45) | AE45: =IF(AD45="","",ROUNDUP(AD45,0)-0.01) | AF45: =IF(P45<>"","Competitor-based",IF(L45<>"","Cost+margin","Needs review"))
A46: custom-oil-slickrcanvas | B46: Custom Oil Slick®Canvas | C46: The Custom Oil Slick® Canvas is a fully branded, medical-grade silicone dab pad program built for commercial processors, headshops, and cannabis brands who want their logo living on every dab table, not buried on a busin… | D46: Quantity: 1000 | E46: CUSTOMCANVAS-03 | F46: Branded | G46: 1000 | H46: pcs | I46: 39.99 | K46: =IFERROR(I46/G46,"") | L46: =IFERROR(J46/G46,"") | M46: =IFERROR((I46-J46)/I46,"") | P46: =IFERROR(N46/O46,"") | S46: =IFERROR(Q46/R46,"") | W46: =IF(G46="","",IF(G46<=Assumptions!$B$9,Assumptions!$C$9,IF(G46<=Assumptions!$B$10,Assumptions!$C$10,IF(G46<=Assumptions!$B$11,Assumptions!$C$11,Assumptions!$C$12)))) | X46: =IF(F46="Branded",Assumptions!$B$5,IF(OR(F46="Packaging",F46="Bags"),Assumptions!$B$4,1)) | Y46: =IFERROR(VLOOKUP(F46,Assumptions!$A$16:$C$20,2,FALSE),0.40) | Z46: =IFERROR(VLOOKUP(F46,Assumptions!$A$16:$C$20,3,FALSE),0.30) | AA46: =IF(P46<>"",P46*X46*W46,IF(L46<>"",L46/(1-Y46),K46)) | AB46: =IF(L46<>"",L46/(1-Z46),"") | AC46: =IF(AB46="",AA46,MAX(AA46,AB46)) | AD46: =IF(AC46="","",AC46*G46) | AE46: =IF(AD46="","",ROUNDUP(AD46,0)-0.01) | AF46: =IF(P46<>"","Competitor-based",IF(L46<>"","Cost+margin","Needs review"))
A47: custom-oil-slickrcanvas | B47: Custom Oil Slick®Canvas | C47: The Custom Oil Slick® Canvas is a fully branded, medical-grade silicone dab pad program built for commercial processors, headshops, and cannabis brands who want their logo living on every dab table, not buried on a busin… | D47: Quantity: 2000 | E47: CUSTOMCANVAS-04 | F47: Branded | G47: 2000 | H47: pcs | I47: 39.99 | K47: =IFERROR(I47/G47,"") | L47: =IFERROR(J47/G47,"") | M47: =IFERROR((I47-J47)/I47,"") | P47: =IFERROR(N47/O47,"") | S47: =IFERROR(Q47/R47,"") | W47: =IF(G47="","",IF(G47<=Assumptions!$B$9,Assumptions!$C$9,IF(G47<=Assumptions!$B$10,Assumptions!$C$10,IF(G47<=Assumptions!$B$11,Assumptions!$C$11,Assumptions!$C$12)))) | X47: =IF(F47="Branded",Assumptions!$B$5,IF(OR(F47="Packaging",F47="Bags"),Assumptions!$B$4,1)) | Y47: =IFERROR(VLOOKUP(F47,Assumptions!$A$16:$C$20,2,FALSE),0.40) | Z47: =IFERROR(VLOOKUP(F47,Assumptions!$A$16:$C$20,3,FALSE),0.30) | AA47: =IF(P47<>"",P47*X47*W47,IF(L47<>"",L47/(1-Y47),K47)) | AB47: =IF(L47<>"",L47/(1-Z47),"") | AC47: =IF(AB47="",AA47,MAX(AA47,AB47)) | AD47: =IF(AC47="","",AC47*G47) | AE47: =IF(AD47="","",ROUNDUP(AD47,0)-0.01) | AF47: =IF(P47<>"","Competitor-based",IF(L47<>"","Cost+margin","Needs review"))
A48: slick-clear-fep | B48: Oil Slick® Clear 50 Sheet : Packaged for RESALE | C48: The Oil Slick® Clear 50 Sheet pack is a bulk FEP sheet solution built for concentrate brands, processors, and headshops that resell nonstick sheets to their own customers. Each consumer-ready pack comes pre-counted with … | D48: Quantity: 25 retail packs of 50 | E48: CLEAR50-01 | F48: Branded | G48: 25 | H48: pcs | I48: 99.99 | J48: 124.25 | K48: =IFERROR(I48/G48,"") | L48: =IFERROR(J48/G48,"") | M48: =IFERROR((I48-J48)/I48,"") | P48: =IFERROR(N48/O48,"") | S48: =IFERROR(Q48/R48,"") | W48: =IF(G48="","",IF(G48<=Assumptions!$B$9,Assumptions!$C$9,IF(G48<=Assumptions!$B$10,Assumptions!$C$10,IF(G48<=Assumptions!$B$11,Assumptions!$C$11,Assumptions!$C$12)))) | X48: =IF(F48="Branded",Assumptions!$B$5,IF(OR(F48="Packaging",F48="Bags"),Assumptions!$B$4,1)) | Y48: =IFERROR(VLOOKUP(F48,Assumptions!$A$16:$C$20,2,FALSE),0.40) | Z48: =IFERROR(VLOOKUP(F48,Assumptions!$A$16:$C$20,3,FALSE),0.30) | AA48: =IF(P48<>"",P48*X48*W48,IF(L48<>"",L48/(1-Y48),K48)) | AB48: =IF(L48<>"",L48/(1-Z48),"") | AC48: =IF(AB48="",AA48,MAX(AA48,AB48)) | AD48: =IF(AC48="","",AC48*G48) | AE48: =IF(AD48="","",ROUNDUP(AD48,0)-0.01) | AF48: =IF(P48<>"","Competitor-based",IF(L48<>"","Cost+margin","Needs review"))
A49: slick-clear-fep | B49: Oil Slick® Clear 50 Sheet : Packaged for RESALE | C49: The Oil Slick® Clear 50 Sheet pack is a bulk FEP sheet solution built for concentrate brands, processors, and headshops that resell nonstick sheets to their own customers. Each consumer-ready pack comes pre-counted with … | D49: Quantity: 100 retail packs of 50 | E49: CLEAR50-02 | F49: Branded | G49: 100 | H49: pcs | I49: 149.99 | J49: 497 | K49: =IFERROR(I49/G49,"") | L49: =IFERROR(J49/G49,"") | M49: =IFERROR((I49-J49)/I49,"") | P49: =IFERROR(N49/O49,"") | S49: =IFERROR(Q49/R49,"") | W49: =IF(G49="","",IF(G49<=Assumptions!$B$9,Assumptions!$C$9,IF(G49<=Assumptions!$B$10,Assumptions!$C$10,IF(G49<=Assumptions!$B$11,Assumptions!$C$11,Assumptions!$C$12)))) | X49: =IF(F49="Branded",Assumptions!$B$5,IF(OR(F49="Packaging",F49="Bags"),Assumptions!$B$4,1)) | Y49: =IFERROR(VLOOKUP(F49,Assumptions!$A$16:$C$20,2,FALSE),0.40) | Z49: =IFERROR(VLOOKUP(F49,Assumptions!$A$16:$C$20,3,FALSE),0.30) | AA49: =IF(P49<>"",P49*X49*W49,IF(L49<>"",L49/(1-Y49),K49)) | AB49: =IF(L49<>"",L49/(1-Z49),"") | AC49: =IF(AB49="",AA49,MAX(AA49,AB49)) | AD49: =IF(AC49="","",AC49*G49) | AE49: =IF(AD49="","",ROUNDUP(AD49,0)-0.01) | AF49: =IF(P49<>"","Competitor-based",IF(L49<>"","Cost+margin","Needs review"))
A50: slick-clear-fep | B50: Oil Slick® Clear 50 Sheet : Packaged for RESALE | C50: The Oil Slick® Clear 50 Sheet pack is a bulk FEP sheet solution built for concentrate brands, processors, and headshops that resell nonstick sheets to their own customers. Each consumer-ready pack comes pre-counted with … | D50: Quantity: 200 retail packs of 50 | E50: CLEAR50-03 | F50: Branded | G50: 200 | H50: pcs | I50: 39.99 | J50: 994 | K50: =IFERROR(I50/G50,"") | L50: =IFERROR(J50/G50,"") | M50: =IFERROR((I50-J50)/I50,"") | P50: =IFERROR(N50/O50,"") | S50: =IFERROR(Q50/R50,"") | W50: =IF(G50="","",IF(G50<=Assumptions!$B$9,Assumptions!$C$9,IF(G50<=Assumptions!$B$10,Assumptions!$C$10,IF(G50<=Assumptions!$B$11,Assumptions!$C$11,Assumptions!$C$12)))) | X50: =IF(F50="Branded",Assumptions!$B$5,IF(OR(F50="Packaging",F50="Bags"),Assumptions!$B$4,1)) | Y50: =IFERROR(VLOOKUP(F50,Assumptions!$A$16:$C$20,2,FALSE),0.40) | Z50: =IFERROR(VLOOKUP(F50,Assumptions!$A$16:$C$20,3,FALSE),0.30) | AA50: =IF(P50<>"",P50*X50*W50,IF(L50<>"",L50/(1-Y50),K50)) | AB50: =IF(L50<>"",L50/(1-Z50),"") | AC50: =IF(AB50="",AA50,MAX(AA50,AB50)) | AD50: =IF(AC50="","",AC50*G50) | AE50: =IF(AD50="","",ROUNDUP(AD50,0)-0.01) | AF50: =IF(P50<>"","Competitor-based",IF(L50<>"","Cost+margin","Needs review"))
A51: slick-clear-fep-sheets | B51: Oil Slick® Clear FEP Sheets | C51: Oil Slick Clear FEP Sheets are precision-cut nonstick squares designed for extraction labs, processors, and serious concentrate handlers who need a reliable barrier between sticky product and everything else. Each 4 in ×… | D51: Quantity: 500 Sheets / Thickness: .05 mm | E51: CLEAR 500.05 | F51: Branded | G51: 500 | H51: pcs | I51: 129.99 | J51: 55.2 | K51: =IFERROR(I51/G51,"") | L51: =IFERROR(J51/G51,"") | M51: =IFERROR((I51-J51)/I51,"") | P51: =IFERROR(N51/O51,"") | S51: =IFERROR(Q51/R51,"") | W51: =IF(G51="","",IF(G51<=Assumptions!$B$9,Assumptions!$C$9,IF(G51<=Assumptions!$B$10,Assumptions!$C$10,IF(G51<=Assumptions!$B$11,Assumptions!$C$11,Assumptions!$C$12)))) | X51: =IF(F51="Branded",Assumptions!$B$5,IF(OR(F51="Packaging",F51="Bags"),Assumptions!$B$4,1)) | Y51: =IFERROR(VLOOKUP(F51,Assumptions!$A$16:$C$20,2,FALSE),0.40) | Z51: =IFERROR(VLOOKUP(F51,Assumptions!$A$16:$C$20,3,FALSE),0.30) | AA51: =IF(P51<>"",P51*X51*W51,IF(L51<>"",L51/(1-Y51),K51)) | AB51: =IF(L51<>"",L51/(1-Z51),"") | AC51: =IF(AB51="",AA51,MAX(AA51,AB51)) | AD51: =IF(AC51="","",AC51*G51) | AE51: =IF(AD51="","",ROUNDUP(AD51,0)-0.01) | AF51: =IF(P51<>"","Competitor-based",IF(L51<>"","Cost+margin","Needs review"))
A52: slick-clear-fep-sheets | B52: Oil Slick® Clear FEP Sheets | C52: Oil Slick Clear FEP Sheets are precision-cut nonstick squares designed for extraction labs, processors, and serious concentrate handlers who need a reliable barrier between sticky product and everything else. Each 4 in ×… | D52: Quantity: 1000 Sheets / Thickness: .05 mm | E52: CLEAR 1000.05 | F52: Branded | G52: 1000 | H52: pcs | I52: 89.99 | J52: 110.4 | K52: =IFERROR(I52/G52,"") | L52: =IFERROR(J52/G52,"") | M52: =IFERROR((I52-J52)/I52,"") | P52: =IFERROR(N52/O52,"") | S52: =IFERROR(Q52/R52,"") | W52: =IF(G52="","",IF(G52<=Assumptions!$B$9,Assumptions!$C$9,IF(G52<=Assumptions!$B$10,Assumptions!$C$10,IF(G52<=Assumptions!$B$11,Assumptions!$C$11,Assumptions!$C$12)))) | X52: =IF(F52="Branded",Assumptions!$B$5,IF(OR(F52="Packaging",F52="Bags"),Assumptions!$B$4,1)) | Y52: =IFERROR(VLOOKUP(F52,Assumptions!$A$16:$C$20,2,FALSE),0.40) | Z52: =IFERROR(VLOOKUP(F52,Assumptions!$A$16:$C$20,3,FALSE),0.30) | AA52: =IF(P52<>"",P52*X52*W52,IF(L52<>"",L52/(1-Y52),K52)) | AB52: =IF(L52<>"",L52/(1-Z52),"") | AC52: =IF(AB52="",AA52,MAX(AA52,AB52)) | AD52: =IF(AC52="","",AC52*G52) | AE52: =IF(AD52="","",ROUNDUP(AD52,0)-0.01) | AF52: =IF(P52<>"","Competitor-based",IF(L52<>"","Cost+margin","Needs review"))
A53: slick-clear-fep-sheets | B53: Oil Slick® Clear FEP Sheets | C53: Oil Slick Clear FEP Sheets are precision-cut nonstick squares designed for extraction labs, processors, and serious concentrate handlers who need a reliable barrier between sticky product and everything else. Each 4 in ×… | D53: Quantity: 5000 Sheets / Thickness: .05 mm | E53: CLEAR 5000.05 | F53: Branded | G53: 5000 | H53: pcs | I53: 1399.99 | J53: 552 | K53: =IFERROR(I53/G53,"") | L53: =IFERROR(J53/G53,"") | M53: =IFERROR((I53-J53)/I53,"") | P53: =IFERROR(N53/O53,"") | S53: =IFERROR(Q53/R53,"") | W53: =IF(G53="","",IF(G53<=Assumptions!$B$9,Assumptions!$C$9,IF(G53<=Assumptions!$B$10,Assumptions!$C$10,IF(G53<=Assumptions!$B$11,Assumptions!$C$11,Assumptions!$C$12)))) | X53: =IF(F53="Branded",Assumptions!$B$5,IF(OR(F53="Packaging",F53="Bags"),Assumptions!$B$4,1)) | Y53: =IFERROR(VLOOKUP(F53,Assumptions!$A$16:$C$20,2,FALSE),0.40) | Z53: =IFERROR(VLOOKUP(F53,Assumptions!$A$16:$C$20,3,FALSE),0.30) | AA53: =IF(P53<>"",P53*X53*W53,IF(L53<>"",L53/(1-Y53),K53)) | AB53: =IF(L53<>"",L53/(1-Z53),"") | AC53: =IF(AB53="",AA53,MAX(AA53,AB53)) | AD53: =IF(AC53="","",AC53*G53) | AE53: =IF(AD53="","",ROUNDUP(AD53,0)-0.01) | AF53: =IF(P53<>"","Competitor-based",IF(L53<>"","Cost+margin","Needs review"))
A54: oil-slickr-clear-roll-bulk-fep-for-purging-and-slab-storage-50x16 | B54: Oil Slick® Clear Roll BULK FEP FOR PURGING AND SLAB STORAGE 50'x16" | C54: The Oil Slick® Clear Roll BULK FEP is a lab-grade fluoropolymer film roll built for extractors, processors, and rosin heads who care about purity and yield. At 50 feet x 16 inches (15.2 m x 40.6 cm), it gives you enough … | D54: Thickness: 0.07mm | E54: CLEARBULK-01 | F54: Branded | G54: 50 | H54: ft | I54: 169.99 | J54: 66.89 | K54: =IFERROR(I54/G54,"") | L54: =IFERROR(J54/G54,"") | M54: =IFERROR((I54-J54)/I54,"") | N54: 210 | O54: 50 | P54: =IFERROR(N54/O54,"") | S54: =IFERROR(Q54/R54,"") | T54: Estimated | U54: https://kraftandkitchen.com/products/kraft-kitchen-sheet-ptfe-rolls | V54: Related items on PTFE roll page show "Bulk Roll of FEP film... from $210.00" (length not shown in static HTML; assumed 50ft to align with common 50ft rolls). | W54: =IF(G54="","",IF(G54<=Assumptions!$B$9,Assumptions!$C$9,IF(G54<=Assumptions!$B$10,Assumptions!$C$10,IF(G54<=Assumptions!$B$11,Assumptions!$C$11,Assumptions!$C$12)))) | X54: =IF(F54="Branded",Assumptions!$B$5,IF(OR(F54="Packaging",F54="Bags"),Assumptions!$B$4,1)) | Y54: =IFERROR(VLOOKUP(F54,Assumptions!$A$16:$C$20,2,FALSE),0.40) | Z54: =IFERROR(VLOOKUP(F54,Assumptions!$A$16:$C$20,3,FALSE),0.30) | AA54: =IF(P54<>"",P54*X54*W54,IF(L54<>"",L54/(1-Y54),K54)) | AB54: =IF(L54<>"",L54/(1-Z54),"") | AC54: =IF(AB54="",AA54,MAX(AA54,AB54)) | AD54: =IF(AC54="","",AC54*G54) | AE54: =IF(AD54="","",ROUNDUP(AD54,0)-0.01) | AF54: =IF(P54<>"","Competitor-based",IF(L54<>"","Cost+margin","Needs review"))
A55: oil-slickr-clear-roll-bulk-fep-for-purging-and-slab-storage-50x16 | B55: Oil Slick® Clear Roll BULK FEP FOR PURGING AND SLAB STORAGE 50'x16" | C55: The Oil Slick® Clear Roll BULK FEP is a lab-grade fluoropolymer film roll built for extractors, processors, and rosin heads who care about purity and yield. At 50 feet x 16 inches (15.2 m x 40.6 cm), it gives you enough … | D55: Thickness: 0.1mm | E55: CLEARBULK-02 | F55: Branded | G55: 50 | H55: ft | I55: 179.99 | J55: 95.7 | K55: =IFERROR(I55/G55,"") | L55: =IFERROR(J55/G55,"") | M55: =IFERROR((I55-J55)/I55,"") | N55: 210 | O55: 50 | P55: =IFERROR(N55/O55,"") | S55: =IFERROR(Q55/R55,"") | T55: Estimated | U55: https://kraftandkitchen.com/products/kraft-kitchen-sheet-ptfe-rolls | V55: Related items on PTFE roll page show "Bulk Roll of FEP film... from $210.00" (length not shown in static HTML; assumed 50ft to align with common 50ft rolls). | W55: =IF(G55="","",IF(G55<=Assumptions!$B$9,Assumptions!$C$9,IF(G55<=Assumptions!$B$10,Assumptions!$C$10,IF(G55<=Assumptions!$B$11,Assumptions!$C$11,Assumptions!$C$12)))) | X55: =IF(F55="Branded",Assumptions!$B$5,IF(OR(F55="Packaging",F55="Bags"),Assumptions!$B$4,1)) | Y55: =IFERROR(VLOOKUP(F55,Assumptions!$A$16:$C$20,2,FALSE),0.40) | Z55: =IFERROR(VLOOKUP(F55,Assumptions!$A$16:$C$20,3,FALSE),0.30) | AA55: =IF(P55<>"",P55*X55*W55,IF(L55<>"",L55/(1-Y55),K55)) | AB55: =IF(L55<>"",L55/(1-Z55),"") | AC55: =IF(AB55="",AA55,MAX(AA55,AB55)) | AD55: =IF(AC55="","",AC55*G55) | AE55: =IF(AD55="","",ROUNDUP(AD55,0)-0.01) | AF55: =IF(P55<>"","Competitor-based",IF(L55<>"","Cost+margin","Needs review"))
A56: oil-slickr-paper-for-rosin-and-storage | B56: Oil Slick® Paper for ROSIN and Storage | C56: The Oil Slick® Paper for ROSIN and Storage is a lab-grade nonstick sheet for extractors and rosin heads who actually care what their paper is doing to their yield. It’s a silicone-coated release paper sized at 8.5 inches… | D56: Quantity: Single Oil Slick® Paper (250 Sheets) / Size: 8.5"x14" | E56: PAPER-01 | F56: Branded | G56: 250 | H56: pcs | I56: 29.99 | J56: 1.57 | K56: =IFERROR(I56/G56,"") | L56: =IFERROR(J56/G56,"") | M56: =IFERROR((I56-J56)/I56,"") | P56: =IFERROR(N56/O56,"") | S56: =IFERROR(Q56/R56,"") | W56: =IF(G56="","",IF(G56<=Assumptions!$B$9,Assumptions!$C$9,IF(G56<=Assumptions!$B$10,Assumptions!$C$10,IF(G56<=Assumptions!$B$11,Assumptions!$C$11,Assumptions!$C$12)))) | X56: =IF(F56="Branded",Assumptions!$B$5,IF(OR(F56="Packaging",F56="Bags"),Assumptions!$B$4,1)) | Y56: =IFERROR(VLOOKUP(F56,Assumptions!$A$16:$C$20,2,FALSE),0.40) | Z56: =IFERROR(VLOOKUP(F56,Assumptions!$A$16:$C$20,3,FALSE),0.30) | AA56: =IF(P56<>"",P56*X56*W56,IF(L56<>"",L56/(1-Y56),K56)) | AB56: =IF(L56<>"",L56/(1-Z56),"") | AC56: =IF(AB56="",AA56,MAX(AA56,AB56)) | AD56: =IF(AC56="","",AC56*G56) | AE56: =IF(AD56="","",ROUNDUP(AD56,0)-0.01) | AF56: =IF(P56<>"","Competitor-based",IF(L56<>"","Cost+margin","Needs review"))
A57: oil-slickr-paper-for-rosin-and-storage | B57: Oil Slick® Paper for ROSIN and Storage | C57: The Oil Slick® Paper for ROSIN and Storage is a lab-grade nonstick sheet for extractors and rosin heads who actually care what their paper is doing to their yield. It’s a silicone-coated release paper sized at 8.5 inches… | D57: Quantity: 2 Pack Oil Slick Paper (500 Sheets) / Size: 8.5"x14" | E57: PAPER-02pc | F57: Branded | G57: 2 | H57: pcs | I57: 5.49 | J57: 1.57 | K57: =IFERROR(I57/G57,"") | L57: =IFERROR(J57/G57,"") | M57: =IFERROR((I57-J57)/I57,"") | P57: =IFERROR(N57/O57,"") | S57: =IFERROR(Q57/R57,"") | W57: =IF(G57="","",IF(G57<=Assumptions!$B$9,Assumptions!$C$9,IF(G57<=Assumptions!$B$10,Assumptions!$C$10,IF(G57<=Assumptions!$B$11,Assumptions!$C$11,Assumptions!$C$12)))) | X57: =IF(F57="Branded",Assumptions!$B$5,IF(OR(F57="Packaging",F57="Bags"),Assumptions!$B$4,1)) | Y57: =IFERROR(VLOOKUP(F57,Assumptions!$A$16:$C$20,2,FALSE),0.40) | Z57: =IFERROR(VLOOKUP(F57,Assumptions!$A$16:$C$20,3,FALSE),0.30) | AA57: =IF(P57<>"",P57*X57*W57,IF(L57<>"",L57/(1-Y57),K57)) | AB57: =IF(L57<>"",L57/(1-Z57),"") | AC57: =IF(AB57="",AA57,MAX(AA57,AB57)) | AD57: =IF(AC57="","",AC57*G57) | AE57: =IF(AD57="","",ROUNDUP(AD57,0)-0.01) | AF57: =IF(P57<>"","Competitor-based",IF(L57<>"","Cost+margin","Needs review"))
A58: oil-slickr-paper-for-rosin-and-storage | B58: Oil Slick® Paper for ROSIN and Storage | C58: The Oil Slick® Paper for ROSIN and Storage is a lab-grade nonstick sheet for extractors and rosin heads who actually care what their paper is doing to their yield. It’s a silicone-coated release paper sized at 8.5 inches… | D58: Quantity: Box of 18 Oil Slick® Paper (4500 Sheets) / Size: 8.5"x14" | E58: PAPER-02 | F58: Branded | G58: 18 | H58: pcs | I58: 99.99 | J58: 37.72 | K58: =IFERROR(I58/G58,"") | L58: =IFERROR(J58/G58,"") | M58: =IFERROR((I58-J58)/I58,"") | P58: =IFERROR(N58/O58,"") | S58: =IFERROR(Q58/R58,"") | W58: =IF(G58="","",IF(G58<=Assumptions!$B$9,Assumptions!$C$9,IF(G58<=Assumptions!$B$10,Assumptions!$C$10,IF(G58<=Assumptions!$B$11,Assumptions!$C$11,Assumptions!$C$12)))) | X58: =IF(F58="Branded",Assumptions!$B$5,IF(OR(F58="Packaging",F58="Bags"),Assumptions!$B$4,1)) | Y58: =IFERROR(VLOOKUP(F58,Assumptions!$A$16:$C$20,2,FALSE),0.40) | Z58: =IFERROR(VLOOKUP(F58,Assumptions!$A$16:$C$20,3,FALSE),0.30) | AA58: =IF(P58<>"",P58*X58*W58,IF(L58<>"",L58/(1-Y58),K58)) | AB58: =IF(L58<>"",L58/(1-Z58),"") | AC58: =IF(AB58="",AA58,MAX(AA58,AB58)) | AD58: =IF(AC58="","",AC58*G58) | AE58: =IF(AD58="","",ROUNDUP(AD58,0)-0.01) | AF58: =IF(P58<>"","Competitor-based",IF(L58<>"","Cost+margin","Needs review"))
A59: oil-slickr-paper-for-rosin-and-storage | B59: Oil Slick® Paper for ROSIN and Storage | C59: The Oil Slick® Paper for ROSIN and Storage is a lab-grade nonstick sheet for extractors and rosin heads who actually care what their paper is doing to their yield. It’s a silicone-coated release paper sized at 8.5 inches… | D59: Quantity: Case of 36 Oil Slick® Paper (9000 Sheets) / Size: 8.5"x14" | E59: PAPER-03 | F59: Branded | G59: 36 | H59: pcs | I59: 74.99 | J59: 75.41 | K59: =IFERROR(I59/G59,"") | L59: =IFERROR(J59/G59,"") | M59: =IFERROR((I59-J59)/I59,"") | P59: =IFERROR(N59/O59,"") | S59: =IFERROR(Q59/R59,"") | W59: =IF(G59="","",IF(G59<=Assumptions!$B$9,Assumptions!$C$9,IF(G59<=Assumptions!$B$10,Assumptions!$C$10,IF(G59<=Assumptions!$B$11,Assumptions!$C$11,Assumptions!$C$12)))) | X59: =IF(F59="Branded",Assumptions!$B$5,IF(OR(F59="Packaging",F59="Bags"),Assumptions!$B$4,1)) | Y59: =IFERROR(VLOOKUP(F59,Assumptions!$A$16:$C$20,2,FALSE),0.40) | Z59: =IFERROR(VLOOKUP(F59,Assumptions!$A$16:$C$20,3,FALSE),0.30) | AA59: =IF(P59<>"",P59*X59*W59,IF(L59<>"",L59/(1-Y59),K59)) | AB59: =IF(L59<>"",L59/(1-Z59),"") | AC59: =IF(AB59="",AA59,MAX(AA59,AB59)) | AD59: =IF(AC59="","",AC59*G59) | AE59: =IF(AD59="","",ROUNDUP(AD59,0)-0.01) | AF59: =IF(P59<>"","Competitor-based",IF(L59<>"","Cost+margin","Needs review"))
A60: oil-slickr-paper-for-rosin-and-storage | B60: Oil Slick® Paper for ROSIN and Storage | C60: The Oil Slick® Paper for ROSIN and Storage is a lab-grade nonstick sheet for extractors and rosin heads who actually care what their paper is doing to their yield. It’s a silicone-coated release paper sized at 8.5 inches… | D60: Quantity: Master Case of 144 Oil Slick® Paper (36,000 Sheets) / Size: 8.5"x14" | E60: PAPER-04 | F60: Branded | G60: 144 | H60: pcs | I60: 499.99 | J60: 226.22 | K60: =IFERROR(I60/G60,"") | L60: =IFERROR(J60/G60,"") | M60: =IFERROR((I60-J60)/I60,"") | P60: =IFERROR(N60/O60,"") | S60: =IFERROR(Q60/R60,"") | W60: =IF(G60="","",IF(G60<=Assumptions!$B$9,Assumptions!$C$9,IF(G60<=Assumptions!$B$10,Assumptions!$C$10,IF(G60<=Assumptions!$B$11,Assumptions!$C$11,Assumptions!$C$12)))) | X60: =IF(F60="Branded",Assumptions!$B$5,IF(OR(F60="Packaging",F60="Bags"),Assumptions!$B$4,1)) | Y60: =IFERROR(VLOOKUP(F60,Assumptions!$A$16:$C$20,2,FALSE),0.40) | Z60: =IFERROR(VLOOKUP(F60,Assumptions!$A$16:$C$20,3,FALSE),0.30) | AA60: =IF(P60<>"",P60*X60*W60,IF(L60<>"",L60/(1-Y60),K60)) | AB60: =IF(L60<>"",L60/(1-Z60),"") | AC60: =IF(AB60="",AA60,MAX(AA60,AB60)) | AD60: =IF(AC60="","",AC60*G60) | AE60: =IF(AD60="","",ROUNDUP(AD60,0)-0.01) | AF60: =IF(P60<>"","Competitor-based",IF(L60<>"","Cost+margin","Needs review"))
A61: oil-slickr-wrap-foil-backed-parchment-with-waterproof-membrane | B61: Oil Slick® Wrap Foil Backed Parchment | C61: The Oil Slick® Wrap Foil Backed Parchment is a lab-grade nonstick paper roll built for extractors and rosin heads who need clean handling and reliable storage for sticky concentrates. It gives you a continuous 50-foot (1… | D61: Make a choice: Single Oil Slick® Wrap | E61: WRAP-01 | F61: Branded | G61: 1 | H61: pcs | I61: 9.99 | J61: 3.04 | K61: =IFERROR(I61/G61,"") | L61: =IFERROR(J61/G61,"") | M61: =IFERROR((I61-J61)/I61,"") | P61: =IFERROR(N61/O61,"") | S61: =IFERROR(Q61/R61,"") | W61: =IF(G61="","",IF(G61<=Assumptions!$B$9,Assumptions!$C$9,IF(G61<=Assumptions!$B$10,Assumptions!$C$10,IF(G61<=Assumptions!$B$11,Assumptions!$C$11,Assumptions!$C$12)))) | X61: =IF(F61="Branded",Assumptions!$B$5,IF(OR(F61="Packaging",F61="Bags"),Assumptions!$B$4,1)) | Y61: =IFERROR(VLOOKUP(F61,Assumptions!$A$16:$C$20,2,FALSE),0.40) | Z61: =IFERROR(VLOOKUP(F61,Assumptions!$A$16:$C$20,3,FALSE),0.30) | AA61: =IF(P61<>"",P61*X61*W61,IF(L61<>"",L61/(1-Y61),K61)) | AB61: =IF(L61<>"",L61/(1-Z61),"") | AC61: =IF(AB61="",AA61,MAX(AA61,AB61)) | AD61: =IF(AC61="","",AC61*G61) | AE61: =IF(AD61="","",ROUNDUP(AD61,0)-0.01) | AF61: =IF(P61<>"","Competitor-based",IF(L61<>"","Cost+margin","Needs review"))
A62: oil-slickr-wrap-foil-backed-parchment-with-waterproof-membrane | B62: Oil Slick® Wrap Foil Backed Parchment | C62: The Oil Slick® Wrap Foil Backed Parchment is a lab-grade nonstick paper roll built for extractors and rosin heads who need clean handling and reliable storage for sticky concentrates. It gives you a continuous 50-foot (1… | D62: Make a choice: 2 Pack | E62: WRAP-02pc | F62: Branded | G62: 2 | H62: pcs | I62: 7.99 | J62: 3.04 | K62: =IFERROR(I62/G62,"") | L62: =IFERROR(J62/G62,"") | M62: =IFERROR((I62-J62)/I62,"") | P62: =IFERROR(N62/O62,"") | S62: =IFERROR(Q62/R62,"") | W62: =IF(G62="","",IF(G62<=Assumptions!$B$9,Assumptions!$C$9,IF(G62<=Assumptions!$B$10,Assumptions!$C$10,IF(G62<=Assumptions!$B$11,Assumptions!$C$11,Assumptions!$C$12)))) | X62: =IF(F62="Branded",Assumptions!$B$5,IF(OR(F62="Packaging",F62="Bags"),Assumptions!$B$4,1)) | Y62: =IFERROR(VLOOKUP(F62,Assumptions!$A$16:$C$20,2,FALSE),0.40) | Z62: =IFERROR(VLOOKUP(F62,Assumptions!$A$16:$C$20,3,FALSE),0.30) | AA62: =IF(P62<>"",P62*X62*W62,IF(L62<>"",L62/(1-Y62),K62)) | AB62: =IF(L62<>"",L62/(1-Z62),"") | AC62: =IF(AB62="",AA62,MAX(AA62,AB62)) | AD62: =IF(AC62="","",AC62*G62) | AE62: =IF(AD62="","",ROUNDUP(AD62,0)-0.01) | AF62: =IF(P62<>"","Competitor-based",IF(L62<>"","Cost+margin","Needs review"))
A63: oil-slickr-wrap-foil-backed-parchment-with-waterproof-membrane | B63: Oil Slick® Wrap Foil Backed Parchment | C63: The Oil Slick® Wrap Foil Backed Parchment is a lab-grade nonstick paper roll built for extractors and rosin heads who need clean handling and reliable storage for sticky concentrates. It gives you a continuous 50-foot (1… | D63: Make a choice: Box of 12 Oil Slick® Wrap | E63: WRAP-02 | F63: Branded | G63: 12 | H63: pcs | I63: 129.99 | J63: 36.43 | K63: =IFERROR(I63/G63,"") | L63: =IFERROR(J63/G63,"") | M63: =IFERROR((I63-J63)/I63,"") | P63: =IFERROR(N63/O63,"") | S63: =IFERROR(Q63/R63,"") | W63: =IF(G63="","",IF(G63<=Assumptions!$B$9,Assumptions!$C$9,IF(G63<=Assumptions!$B$10,Assumptions!$C$10,IF(G63<=Assumptions!$B$11,Assumptions!$C$11,Assumptions!$C$12)))) | X63: =IF(F63="Branded",Assumptions!$B$5,IF(OR(F63="Packaging",F63="Bags"),Assumptions!$B$4,1)) | Y63: =IFERROR(VLOOKUP(F63,Assumptions!$A$16:$C$20,2,FALSE),0.40) | Z63: =IFERROR(VLOOKUP(F63,Assumptions!$A$16:$C$20,3,FALSE),0.30) | AA63: =IF(P63<>"",P63*X63*W63,IF(L63<>"",L63/(1-Y63),K63)) | AB63: =IF(L63<>"",L63/(1-Z63),"") | AC63: =IF(AB63="",AA63,MAX(AA63,AB63)) | AD63: =IF(AC63="","",AC63*G63) | AE63: =IF(AD63="","",ROUNDUP(AD63,0)-0.01) | AF63: =IF(P63<>"","Competitor-based",IF(L63<>"","Cost+margin","Needs review"))
A64: oil-slickr-wrap-foil-backed-parchment-with-waterproof-membrane | B64: Oil Slick® Wrap Foil Backed Parchment | C64: The Oil Slick® Wrap Foil Backed Parchment is a lab-grade nonstick paper roll built for extractors and rosin heads who need clean handling and reliable storage for sticky concentrates. It gives you a continuous 50-foot (1… | D64: Make a choice: Case of 48 Oil Slick® Wrap | E64: WRAP-03 | F64: Branded | G64: 48 | H64: pcs | I64: 99.99 | J64: 145.73 | K64: =IFERROR(I64/G64,"") | L64: =IFERROR(J64/G64,"") | M64: =IFERROR((I64-J64)/I64,"") | P64: =IFERROR(N64/O64,"") | S64: =IFERROR(Q64/R64,"") | W64: =IF(G64="","",IF(G64<=Assumptions!$B$9,Assumptions!$C$9,IF(G64<=Assumptions!$B$10,Assumptions!$C$10,IF(G64<=Assumptions!$B$11,Assumptions!$C$11,Assumptions!$C$12)))) | X64: =IF(F64="Branded",Assumptions!$B$5,IF(OR(F64="Packaging",F64="Bags"),Assumptions!$B$4,1)) | Y64: =IFERROR(VLOOKUP(F64,Assumptions!$A$16:$C$20,2,FALSE),0.40) | Z64: =IFERROR(VLOOKUP(F64,Assumptions!$A$16:$C$20,3,FALSE),0.30) | AA64: =IF(P64<>"",P64*X64*W64,IF(L64<>"",L64/(1-Y64),K64)) | AB64: =IF(L64<>"",L64/(1-Z64),"") | AC64: =IF(AB64="",AA64,MAX(AA64,AB64)) | AD64: =IF(AC64="","",AC64*G64) | AE64: =IF(AD64="","",ROUNDUP(AD64,0)-0.01) | AF64: =IF(P64<>"","Competitor-based",IF(L64<>"","Cost+margin","Needs review"))
A65: oil-slickr-wrap-foil-backed-parchment-with-waterproof-membrane | B65: Oil Slick® Wrap Foil Backed Parchment | C65: The Oil Slick® Wrap Foil Backed Parchment is a lab-grade nonstick paper roll built for extractors and rosin heads who need clean handling and reliable storage for sticky concentrates. It gives you a continuous 50-foot (1… | D65: Make a choice: Master Case of 144 Oil Slick® Wrap | E65: WRAP-04 | F65: Branded | G65: 144 | H65: pcs | I65: 299.99 | J65: 437.18 | K65: =IFERROR(I65/G65,"") | L65: =IFERROR(J65/G65,"") | M65: =IFERROR((I65-J65)/I65,"") | P65: =IFERROR(N65/O65,"") | S65: =IFERROR(Q65/R65,"") | W65: =IF(G65="","",IF(G65<=Assumptions!$B$9,Assumptions!$C$9,IF(G65<=Assumptions!$B$10,Assumptions!$C$10,IF(G65<=Assumptions!$B$11,Assumptions!$C$11,Assumptions!$C$12)))) | X65: =IF(F65="Branded",Assumptions!$B$5,IF(OR(F65="Packaging",F65="Bags"),Assumptions!$B$4,1)) | Y65: =IFERROR(VLOOKUP(F65,Assumptions!$A$16:$C$20,2,FALSE),0.40) | Z65: =IFERROR(VLOOKUP(F65,Assumptions!$A$16:$C$20,3,FALSE),0.30) | AA65: =IF(P65<>"",P65*X65*W65,IF(L65<>"",L65/(1-Y65),K65)) | AB65: =IF(L65<>"",L65/(1-Z65),"") | AC65: =IF(AB65="",AA65,MAX(AA65,AB65)) | AD65: =IF(AC65="","",AC65*G65) | AE65: =IF(AD65="","",ROUNDUP(AD65,0)-0.01) | AF65: =IF(P65<>"","Competitor-based",IF(L65<>"","Cost+margin","Needs review"))
A66: slick-duo | B66: Slick® Duo | C66: The Slick® Duo is a compact pair of nonstick silicone pads built for dabbers and extractors who want a clean, organized station without sacrificing space. Sized roughly like an index card, they give you dedicated spots f… | D66: Make a choice: Slick® Duo Pack | E66: DUO-01 | F66: Other | G66: 1 | H66: pcs | I66: 21.99 | J66: 0.77 | K66: =IFERROR(I66/G66,"") | L66: =IFERROR(J66/G66,"") | M66: =IFERROR((I66-J66)/I66,"") | P66: =IFERROR(N66/O66,"") | S66: =IFERROR(Q66/R66,"") | W66: =IF(G66="","",IF(G66<=Assumptions!$B$9,Assumptions!$C$9,IF(G66<=Assumptions!$B$10,Assumptions!$C$10,IF(G66<=Assumptions!$B$11,Assumptions!$C$11,Assumptions!$C$12)))) | X66: =IF(F66="Branded",Assumptions!$B$5,IF(OR(F66="Packaging",F66="Bags"),Assumptions!$B$4,1)) | Y66: =IFERROR(VLOOKUP(F66,Assumptions!$A$16:$C$20,2,FALSE),0.40) | Z66: =IFERROR(VLOOKUP(F66,Assumptions!$A$16:$C$20,3,FALSE),0.30) | AA66: =IF(P66<>"",P66*X66*W66,IF(L66<>"",L66/(1-Y66),K66)) | AB66: =IF(L66<>"",L66/(1-Z66),"") | AC66: =IF(AB66="",AA66,MAX(AA66,AB66)) | AD66: =IF(AC66="","",AC66*G66) | AE66: =IF(AD66="","",ROUNDUP(AD66,0)-0.01) | AF66: =IF(P66<>"","Competitor-based",IF(L66<>"","Cost+margin","Needs review"))
A67: slick-duo | B67: Slick® Duo | C67: The Slick® Duo is a compact pair of nonstick silicone pads built for dabbers and extractors who want a clean, organized station without sacrificing space. Sized roughly like an index card, they give you dedicated spots f… | D67: Make a choice: 2 Pack (of 2 duos in each pack) | E67: DUO-02pc | F67: Other | G67: 2 | H67: pcs | I67: 19.99 | J67: 0.77 | K67: =IFERROR(I67/G67,"") | L67: =IFERROR(J67/G67,"") | M67: =IFERROR((I67-J67)/I67,"") | P67: =IFERROR(N67/O67,"") | S67: =IFERROR(Q67/R67,"") | W67: =IF(G67="","",IF(G67<=Assumptions!$B$9,Assumptions!$C$9,IF(G67<=Assumptions!$B$10,Assumptions!$C$10,IF(G67<=Assumptions!$B$11,Assumptions!$C$11,Assumptions!$C$12)))) | X67: =IF(F67="Branded",Assumptions!$B$5,IF(OR(F67="Packaging",F67="Bags"),Assumptions!$B$4,1)) | Y67: =IFERROR(VLOOKUP(F67,Assumptions!$A$16:$C$20,2,FALSE),0.40) | Z67: =IFERROR(VLOOKUP(F67,Assumptions!$A$16:$C$20,3,FALSE),0.30) | AA67: =IF(P67<>"",P67*X67*W67,IF(L67<>"",L67/(1-Y67),K67)) | AB67: =IF(L67<>"",L67/(1-Z67),"") | AC67: =IF(AB67="",AA67,MAX(AA67,AB67)) | AD67: =IF(AC67="","",AC67*G67) | AE67: =IF(AD67="","",ROUNDUP(AD67,0)-0.01) | AF67: =IF(P67<>"","Competitor-based",IF(L67<>"","Cost+margin","Needs review"))
... A77: slick-slab | B77: Slick® Slab | C77: The Slick® Slab is an extra-large nonstick silicone pad built for extractors, dab bars, and glass collectors who need a serious work surface. It turns any table, press bench, or counter into a cushioned, easy-to-clean zo… | D77: Make a choice: Case of 18 Slick® Slabs | E77: SLAB-03 | F77: Other | G77: 18 | H77: pcs | I77: 249.99 | J77: 334.15 | K77: =IFERROR(I77/G77,"") | L77: =IFERROR(J77/G77,"") | M77: =IFERROR((I77-J77)/I77,"") | P77: =IFERROR(N77/O77,"") | S77: =IFERROR(Q77/R77,"") | W77: =IF(G77="","",IF(G77<=Assumptions!$B$9,Assumptions!$C$9,IF(G77<=Assumptions!$B$10,Assumptions!$C$10,IF(G77<=Assumptions!$B$11,Assumptions!$C$11,Assumptions!$C$12)))) | X77: =IF(F77="Branded",Assumptions!$B$5,IF(OR(F77="Packaging",F77="Bags"),Assumptions!$B$4,1)) | Y77: =IFERROR(VLOOKUP(F77,Assumptions!$A$16:$C$20,2,FALSE),0.40) | Z77: =IFERROR(VLOOKUP(F77,Assumptions!$A$16:$C$20,3,FALSE),0.30) | AA77: =IF(P77<>"",P77*X77*W77,IF(L77<>"",L77/(1-Y77),K77)) | AB77: =IF(L77<>"",L77/(1-Z77),"") | AC77: =IF(AB77="",AA77,MAX(AA77,AB77)) | AD77: =IF(AC77="","",AC77*G77) | AE77: =IF(AD77="","",ROUNDUP(AD77,0)-0.01) | AF77: =IF(P77<>"","Competitor-based",IF(L77<>"","Cost+margin","Needs review"))
A78: custom-printed-stickers-for-jars | B78: Custom stickers for lids | C78: Oil Slick Custom Stickers for Lids are made for brands, extract makers, and dispensaries who want their jars looking dialed-in and professional from every angle. Sized for 5ml lids and printed to your artwork, they give … | D78: Size: 5ml / Quantity: 100 | E78: CUSTOMJARSTICKER 5ML 100 | F78: Custom | G78: 100 | H78: pcs | I78: 64.99 | K78: =IFERROR(I78/G78,"") | L78: =IFERROR(J78/G78,"") | M78: =IFERROR((I78-J78)/I78,"") | P78: =IFERROR(N78/O78,"") | S78: =IFERROR(Q78/R78,"") | W78: =IF(G78="","",IF(G78<=Assumptions!$B$9,Assumptions!$C$9,IF(G78<=Assumptions!$B$10,Assumptions!$C$10,IF(G78<=Assumptions!$B$11,Assumptions!$C$11,Assumptions!$C$12)))) | X78: =IF(F78="Branded",Assumptions!$B$5,IF(OR(F78="Packaging",F78="Bags"),Assumptions!$B$4,1)) | Y78: =IFERROR(VLOOKUP(F78,Assumptions!$A$16:$C$20,2,FALSE),0.40) | Z78: =IFERROR(VLOOKUP(F78,Assumptions!$A$16:$C$20,3,FALSE),0.30) | AA78: =IF(P78<>"",P78*X78*W78,IF(L78<>"",L78/(1-Y78),K78)) | AB78: =IF(L78<>"",L78/(1-Z78),"") | AC78: =IF(AB78="",AA78,MAX(AA78,AB78)) | AD78: =IF(AC78="","",AC78*G78) | AE78: =IF(AD78="","",ROUNDUP(AD78,0)-0.01) | AF78: =IF(P78<>"","Competitor-based",IF(L78<>"","Cost+margin","Needs review"))
A79: custom-printed-stickers-for-jars | B79: Custom stickers for lids | C79: Oil Slick Custom Stickers for Lids are made for brands, extract makers, and dispensaries who want their jars looking dialed-in and professional from every angle. Sized for 5ml lids and printed to your artwork, they give … | D79: Size: 5ml / Quantity: 200 | E79: CUSTOMJARSTICKER 5ML 200 | F79: Custom | G79: 200 | H79: pcs | I79: 29.99 | K79: =IFERROR(I79/G79,"") | L79: =IFERROR(J79/G79,"") | M79: =IFERROR((I79-J79)/I79,"") | P79: =IFERROR(N79/O79,"") | S79: =IFERROR(Q79/R79,"") | W79: =IF(G79="","",IF(G79<=Assumptions!$B$9,Assumptions!$C$9,IF(G79<=Assumptions!$B$10,Assumptions!$C$10,IF(G79<=Assumptions!$B$11,Assumptions!$C$11,Assumptions!$C$12)))) | X79: =IF(F79="Branded",Assumptions!$B$5,IF(OR(F79="Packaging",F79="Bags"),Assumptions!$B$4,1)) | Y79: =IFERROR(VLOOKUP(F79,Assumptions!$A$16:$C$20,2,FALSE),0.40) | Z79: =IFERROR(VLOOKUP(F79,Assumptions!$A$16:$C$20,3,FALSE),0.30) | AA79: =IF(P79<>"",P79*X79*W79,IF(L79<>"",L79/(1-Y79),K79)) | AB79: =IF(L79<>"",L79/(1-Z79),"") | AC79: =IF(AB79="",AA79,MAX(AA79,AB79)) | AD79: =IF(AC79="","",AC79*G79) | AE79: =IF(AD79="","",ROUNDUP(AD79,0)-0.01) | AF79: =IF(P79<>"","Competitor-based",IF(L79<>"","Cost+margin","Needs review"))
A80: custom-printed-stickers-for-jars | B80: Custom stickers for lids | C80: Oil Slick Custom Stickers for Lids are made for brands, extract makers, and dispensaries who want their jars looking dialed-in and professional from every angle. Sized for 5ml lids and printed to your artwork, they give … | D80: Size: 5ml / Quantity: 500 | E80: CUSTOMJARSTICKER 5ML 500 | F80: Custom | G80: 500 | H80: pcs | I80: 69.99 | K80: =IFERROR(I80/G80,"") | L80: =IFERROR(J80/G80,"") | M80: =IFERROR((I80-J80)/I80,"") | P80: =IFERROR(N80/O80,"") | S80: =IFERROR(Q80/R80,"") | W80: =IF(G80="","",IF(G80<=Assumptions!$B$9,Assumptions!$C$9,IF(G80<=Assumptions!$B$10,Assumptions!$C$10,IF(G80<=Assumptions!$B$11,Assumptions!$C$11,Assumptions!$C$12)))) | X80: =IF(F80="Branded",Assumptions!$B$5,IF(OR(F80="Packaging",F80="Bags"),Assumptions!$B$4,1)) | Y80: =IFERROR(VLOOKUP(F80,Assumptions!$A$16:$C$20,2,FALSE),0.40) | Z80: =IFERROR(VLOOKUP(F80,Assumptions!$A$16:$C$20,3,FALSE),0.30) | AA80: =IF(P80<>"",P80*X80*W80,IF(L80<>"",L80/(1-Y80),K80)) | AB80: =IF(L80<>"",L80/(1-Z80),"") | AC80: =IF(AB80="",AA80,MAX(AA80,AB80)) | AD80: =IF(AC80="","",AC80*G80) | AE80: =IF(AD80="","",ROUNDUP(AD80,0)-0.01) | AF80: =IF(P80<>"","Competitor-based",IF(L80<>"","Cost+margin","Needs review"))
A81: custom-printed-stickers-for-jars | B81: Custom stickers for lids | C81: Oil Slick Custom Stickers for Lids are made for brands, extract makers, and dispensaries who want their jars looking dialed-in and professional from every angle. Sized for 5ml lids and printed to your artwork, they give … | D81: Size: 5ml / Quantity: 1000 | E81: CUSTOMJARSTICKER 5ML 1000 | F81: Custom | G81: 1000 | H81: pcs | I81: 34.99 | K81: =IFERROR(I81/G81,"") | L81: =IFERROR(J81/G81,"") | M81: =IFERROR((I81-J81)/I81,"") | P81: =IFERROR(N81/O81,"") | S81: =IFERROR(Q81/R81,"") | W81: =IF(G81="","",IF(G81<=Assumptions!$B$9,Assumptions!$C$9,IF(G81<=Assumptions!$B$10,Assumptions!$C$10,IF(G81<=Assumptions!$B$11,Assumptions!$C$11,Assumptions!$C$12)))) | X81: =IF(F81="Branded",Assumptions!$B$5,IF(OR(F81="Packaging",F81="Bags"),Assumptions!$B$4,1)) | Y81: =IFERROR(VLOOKUP(F81,Assumptions!$A$16:$C$20,2,FALSE),0.40) | Z81: =IFERROR(VLOOKUP(F81,Assumptions!$A$16:$C$20,3,FALSE),0.30) | AA81: =IF(P81<>"",P81*X81*W81,IF(L81<>"",L81/(1-Y81),K81)) | AB81: =IF(L81<>"",L81/(1-Z81),"") | AC81: =IF(AB81="",AA81,MAX(AA81,AB81)) | AD81: =IF(AC81="","",AC81*G81) | AE81: =IF(AD81="","",ROUNDUP(AD81,0)-0.01) | AF81: =IF(P81<>"","Competitor-based",IF(L81<>"","Cost+margin","Needs review"))
A82: custom-printed-stickers-for-jars | B82: Custom stickers for lids | C82: Oil Slick Custom Stickers for Lids are made for brands, extract makers, and dispensaries who want their jars looking dialed-in and professional from every angle. Sized for 5ml lids and printed to your artwork, they give … | D82: Size: 5ml / Quantity: 5000 | E82: CUSTOMJARSTICKER 5ML 5000 | F82: Custom | G82: 5000 | H82: pcs | I82: 199.99 | K82: =IFERROR(I82/G82,"") | L82: =IFERROR(J82/G82,"") | M82: =IFERROR((I82-J82)/I82,"") | P82: =IFERROR(N82/O82,"") | S82: =IFERROR(Q82/R82,"") | W82: =IF(G82="","",IF(G82<=Assumptions!$B$9,Assumptions!$C$9,IF(G82<=Assumptions!$B$10,Assumptions!$C$10,IF(G82<=Assumptions!$B$11,Assumptions!$C$11,Assumptions!$C$12)))) | X82: =IF(F82="Branded",Assumptions!$B$5,IF(OR(F82="Packaging",F82="Bags"),Assumptions!$B$4,1)) | Y82: =IFERROR(VLOOKUP(F82,Assumptions!$A$16:$C$20,2,FALSE),0.40) | Z82: =IFERROR(VLOOKUP(F82,Assumptions!$A$16:$C$20,3,FALSE),0.30) | AA82: =IF(P82<>"",P82*X82*W82,IF(L82<>"",L82/(1-Y82),K82)) | AB82: =IF(L82<>"",L82/(1-Z82),"") | AC82: =IF(AB82="",AA82,MAX(AA82,AB82)) | AD82: =IF(AC82="","",AC82*G82) | AE82: =IF(AD82="","",ROUNDUP(AD82,0)-0.01) | AF82: =IF(P82<>"","Competitor-based",IF(L82<>"","Cost+margin","Needs review"))
A83: custom-printed-stickers-for-jars | B83: Custom stickers for lids | C83: Oil Slick Custom Stickers for Lids are made for brands, extract makers, and dispensaries who want their jars looking dialed-in and professional from every angle. Sized for 5ml lids and printed to your artwork, they give … | D83: Size: 5ml / Quantity: 10000 | E83: CUSTOMJARSTICKER 5ML 10000 | F83: Custom | G83: 10000 | H83: pcs | I83: 64.99 | K83: =IFERROR(I83/G83,"") | L83: =IFERROR(J83/G83,"") | M83: =IFERROR((I83-J83)/I83,"") | P83: =IFERROR(N83/O83,"") | S83: =IFERROR(Q83/R83,"") | W83: =IF(G83="","",IF(G83<=Assumptions!$B$9,Assumptions!$C$9,IF(G83<=Assumptions!$B$10,Assumptions!$C$10,IF(G83<=Assumptions!$B$11,Assumptions!$C$11,Assumptions!$C$12)))) | X83: =IF(F83="Branded",Assumptions!$B$5,IF(OR(F83="Packaging",F83="Bags"),Assumptions!$B$4,1)) | Y83: =IFERROR(VLOOKUP(F83,Assumptions!$A$16:$C$20,2,FALSE),0.40) | Z83: =IFERROR(VLOOKUP(F83,Assumptions!$A$16:$C$20,3,FALSE),0.30) | AA83: =IF(P83<>"",P83*X83*W83,IF(L83<>"",L83/(1-Y83),K83)) | AB83: =IF(L83<>"",L83/(1-Z83),"") | AC83: =IF(AB83="",AA83,MAX(AA83,AB83)) | AD83: =IF(AC83="","",AC83*G83) | AE83: =IF(AD83="","",ROUNDUP(AD83,0)-0.01) | AF83: =IF(P83<>"","Competitor-based",IF(L83<>"","Cost+margin","Needs review"))
A84: custom-printed-stickers-for-jars | B84: Custom stickers for lids | C84: Oil Slick Custom Stickers for Lids are made for brands, extract makers, and dispensaries who want their jars looking dialed-in and professional from every angle. Sized for 5ml lids and printed to your artwork, they give … | D84: Size: 6ml / Quantity: 100 | E84: CUSTOMJARSTICKER 6ML 100 | F84: Custom | G84: 100 | H84: pcs | I84: 64.99 | K84: =IFERROR(I84/G84,"") | L84: =IFERROR(J84/G84,"") | M84: =IFERROR((I84-J84)/I84,"") | P84: =IFERROR(N84/O84,"") | S84: =IFERROR(Q84/R84,"") | W84: =IF(G84="","",IF(G84<=Assumptions!$B$9,Assumptions!$C$9,IF(G84<=Assumptions!$B$10,Assumptions!$C$10,IF(G84<=Assumptions!$B$11,Assumptions!$C$11,Assumptions!$C$12)))) | X84: =IF(F84="Branded",Assumptions!$B$5,IF(OR(F84="Packaging",F84="Bags"),Assumptions!$B$4,1)) | Y84: =IFERROR(VLOOKUP(F84,Assumptions!$A$16:$C$20,2,FALSE),0.40) | Z84: =IFERROR(VLOOKUP(F84,Assumptions!$A$16:$C$20,3,FALSE),0.30) | AA84: =IF(P84<>"",P84*X84*W84,IF(L84<>"",L84/(1-Y84),K84)) | AB84: =IF(L84<>"",L84/(1-Z84),"") | AC84: =IF(AB84="",AA84,MAX(AA84,AB84)) | AD84: =IF(AC84="","",AC84*G84) | AE84: =IF(AD84="","",ROUNDUP(AD84,0)-0.01) | AF84: =IF(P84<>"","Competitor-based",IF(L84<>"","Cost+margin","Needs review"))
A85: custom-printed-stickers-for-jars | B85: Custom stickers for lids | C85: Oil Slick Custom Stickers for Lids are made for brands, extract makers, and dispensaries who want their jars looking dialed-in and professional from every angle. Sized for 5ml lids and printed to your artwork, they give … | D85: Size: 6ml / Quantity: 200 | E85: CUSTOMJARSTICKER 6ML 200 | F85: Custom | G85: 200 | H85: pcs | I85: 24.99 | K85: =IFERROR(I85/G85,"") | L85: =IFERROR(J85/G85,"") | M85: =IFERROR((I85-J85)/I85,"") | P85: =IFERROR(N85/O85,"") | S85: =IFERROR(Q85/R85,"") | W85: =IF(G85="","",IF(G85<=Assumptions!$B$9,Assumptions!$C$9,IF(G85<=Assumptions!$B$10,Assumptions!$C$10,IF(G85<=Assumptions!$B$11,Assumptions!$C$11,Assumptions!$C$12)))) | X85: =IF(F85="Branded",Assumptions!$B$5,IF(OR(F85="Packaging",F85="Bags"),Assumptions!$B$4,1)) | Y85: =IFERROR(VLOOKUP(F85,Assumptions!$A$16:$C$20,2,FALSE),0.40) | Z85: =IFERROR(VLOOKUP(F85,Assumptions!$A$16:$C$20,3,FALSE),0.30) | AA85: =IF(P85<>"",P85*X85*W85,IF(L85<>"",L85/(1-Y85),K85)) | AB85: =IF(L85<>"",L85/(1-Z85),"") | AC85: =IF(AB85="",AA85,MAX(AA85,AB85)) | AD85: =IF(AC85="","",AC85*G85) | AE85: =IF(AD85="","",ROUNDUP(AD85,0)-0.01) | AF85: =IF(P85<>"","Competitor-based",IF(L85<>"","Cost+margin","Needs review"))
A86: custom-printed-stickers-for-jars | B86: Custom stickers for lids | C86: Oil Slick Custom Stickers for Lids are made for brands, extract makers, and dispensaries who want their jars looking dialed-in and professional from every angle. Sized for 5ml lids and printed to your artwork, they give … | D86: Size: 6ml / Quantity: 500 | E86: CUSTOMJARSTICKER 6ML 500 | F86: Custom | G86: 500 | H86: pcs | I86: 29.99 | K86: =IFERROR(I86/G86,"") | L86: =IFERROR(J86/G86,"") | M86: =IFERROR((I86-J86)/I86,"") | P86: =IFERROR(N86/O86,"") | S86: =IFERROR(Q86/R86,"") | W86: =IF(G86="","",IF(G86<=Assumptions!$B$9,Assumptions!$C$9,IF(G86<=Assumptions!$B$10,Assumptions!$C$10,IF(G86<=Assumptions!$B$11,Assumptions!$C$11,Assumptions!$C$12)))) | X86: =IF(F86="Branded",Assumptions!$B$5,IF(OR(F86="Packaging",F86="Bags"),Assumptions!$B$4,1)) | Y86: =IFERROR(VLOOKUP(F86,Assumptions!$A$16:$C$20,2,FALSE),0.40) | Z86: =IFERROR(VLOOKUP(F86,Assumptions!$A$16:$C$20,3,FALSE),0.30) | AA86: =IF(P86<>"",P86*X86*W86,IF(L86<>"",L86/(1-Y86),K86)) | AB86: =IF(L86<>"",L86/(1-Z86),"") | AC86: =IF(AB86="",AA86,MAX(AA86,AB86)) | AD86: =IF(AC86="","",AC86*G86) | AE86: =IF(AD86="","",ROUNDUP(AD86,0)-0.01) | AF86: =IF(P86<>"","Competitor-based",IF(L86<>"","Cost+margin","Needs review"))
A87: custom-printed-stickers-for-jars | B87: Custom stickers for lids | C87: Oil Slick Custom Stickers for Lids are made for brands, extract makers, and dispensaries who want their jars looking dialed-in and professional from every angle. Sized for 5ml lids and printed to your artwork, they give … | D87: Size: 6ml / Quantity: 1000 | E87: CUSTOMJARSTICKER 6ML 1000 | F87: Custom | G87: 1000 | H87: pcs | I87: 64.99 | K87: =IFERROR(I87/G87,"") | L87: =IFERROR(J87/G87,"") | M87: =IFERROR((I87-J87)/I87,"") | P87: =IFERROR(N87/O87,"") | S87: =IFERROR(Q87/R87,"") | W87: =IF(G87="","",IF(G87<=Assumptions!$B$9,Assumptions!$C$9,IF(G87<=Assumptions!$B$10,Assumptions!$C$10,IF(G87<=Assumptions!$B$11,Assumptions!$C$11,Assumptions!$C$12)))) | X87: =IF(F87="Branded",Assumptions!$B$5,IF(OR(F87="Packaging",F87="Bags"),Assumptions!$B$4,1)) | Y87: =IFERROR(VLOOKUP(F87,Assumptions!$A$16:$C$20,2,FALSE),0.40) | Z87: =IFERROR(VLOOKUP(F87,Assumptions!$A$16:$C$20,3,FALSE),0.30) | AA87: =IF(P87<>"",P87*X87*W87,IF(L87<>"",L87/(1-Y87),K87)) | AB87: =IF(L87<>"",L87/(1-Z87),"") | AC87: =IF(AB87="",AA87,MAX(AA87,AB87)) | AD87: =IF(AC87="","",AC87*G87) | AE87: =IF(AD87="","",ROUNDUP(AD87,0)-0.01) | AF87: =IF(P87<>"","Competitor-based",IF(L87<>"","Cost+margin","Needs review"))
A88: custom-printed-stickers-for-jars | B88: Custom stickers for lids | C88: Oil Slick Custom Stickers for Lids are made for brands, extract makers, and dispensaries who want their jars looking dialed-in and professional from every angle. Sized for 5ml lids and printed to your artwork, they give … | D88: Size: 6ml / Quantity: 5000 | E88: CUSTOMJARSTICKER 6ML 5000 | F88: Custom | G88: 5000 | H88: pcs | I88: 89.99 | K88: =IFERROR(I88/G88,"") | L88: =IFERROR(J88/G88,"") | M88: =IFERROR((I88-J88)/I88,"") | P88: =IFERROR(N88/O88,"") | S88: =IFERROR(Q88/R88,"") | W88: =IF(G88="","",IF(G88<=Assumptions!$B$9,Assumptions!$C$9,IF(G88<=Assumptions!$B$10,Assumptions!$C$10,IF(G88<=Assumptions!$B$11,Assumptions!$C$11,Assumptions!$C$12)))) | X88: =IF(F88="Branded",Assumptions!$B$5,IF(OR(F88="Packaging",F88="Bags"),Assumptions!$B$4,1)) | Y88: =IFERROR(VLOOKUP(F88,Assumptions!$A$16:$C$20,2,FALSE),0.40) | Z88: =IFERROR(VLOOKUP(F88,Assumptions!$A$16:$C$20,3,FALSE),0.30) | AA88: =IF(P88<>"",P88*X88*W88,IF(L88<>"",L88/(1-Y88),K88)) | AB88: =IF(L88<>"",L88/(1-Z88),"") | AC88: =IF(AB88="",AA88,MAX(AA88,AB88)) | AD88: =IF(AC88="","",AC88*G88) | AE88: =IF(AD88="","",ROUNDUP(AD88,0)-0.01) | AF88: =IF(P88<>"","Competitor-based",IF(L88<>"","Cost+margin","Needs review"))
A89: custom-printed-stickers-for-jars | B89: Custom stickers for lids | C89: Oil Slick Custom Stickers for Lids are made for brands, extract makers, and dispensaries who want their jars looking dialed-in and professional from every angle. Sized for 5ml lids and printed to your artwork, they give … | D89: Size: 6ml / Quantity: 10000 | E89: CUSTOMJARSTICKER 6ML 10000 | F89: Custom | G89: 10000 | H89: pcs | I89: 67.49 | K89: =IFERROR(I89/G89,"") | L89: =IFERROR(J89/G89,"") | M89: =IFERROR((I89-J89)/I89,"") | P89: =IFERROR(N89/O89,"") | S89: =IFERROR(Q89/R89,"") | W89: =IF(G89="","",IF(G89<=Assumptions!$B$9,Assumptions!$C$9,IF(G89<=Assumptions!$B$10,Assumptions!$C$10,IF(G89<=Assumptions!$B$11,Assumptions!$C$11,Assumptions!$C$12)))) | X89: =IF(F89="Branded",Assumptions!$B$5,IF(OR(F89="Packaging",F89="Bags"),Assumptions!$B$4,1)) | Y89: =IFERROR(VLOOKUP(F89,Assumptions!$A$16:$C$20,2,FALSE),0.40) | Z89: =IFERROR(VLOOKUP(F89,Assumptions!$A$16:$C$20,3,FALSE),0.30) | AA89: =IF(P89<>"",P89*X89*W89,IF(L89<>"",L89/(1-Y89),K89)) | AB89: =IF(L89<>"",L89/(1-Z89),"") | AC89: =IF(AB89="",AA89,MAX(AA89,AB89)) | AD89: =IF(AC89="","",AC89*G89) | AE89: =IF(AD89="","",ROUNDUP(AD89,0)-0.01) | AF89: =IF(P89<>"","Competitor-based",IF(L89<>"","Cost+margin","Needs review"))
... A102: custom-printed-stickers-for-jars | B102: Custom stickers for lids | C102: Oil Slick Custom Stickers for Lids are made for brands, extract makers, and dispensaries who want their jars looking dialed-in and professional from every angle. Sized for 5ml lids and printed to your artwork, they give … | D102: Size: 3oz / Quantity: 100 | E102: CUSTOMJARSTICKER 3OZ 100 | F102: Custom | G102: 100 | H102: pcs | I102: 29.99 | K102: =IFERROR(I102/G102,"") | L102: =IFERROR(J102/G102,"") | M102: =IFERROR((I102-J102)/I102,"") | P102: =IFERROR(N102/O102,"") | S102: =IFERROR(Q102/R102,"") | W102: =IF(G102="","",IF(G102<=Assumptions!$B$9,Assumptions!$C$9,IF(G102<=Assumptions!$B$10,Assumptions!$C$10,IF(G102<=Assumptions!$B$11,Assumptions!$C$11,Assumptions!$C$12)))) | X102: =IF(F102="Branded",Assumptions!$B$5,IF(OR(F102="Packaging",F102="Bags"),Assumptions!$B$4,1)) | Y102: =IFERROR(VLOOKUP(F102,Assumptions!$A$16:$C$20,2,FALSE),0.40) | Z102: =IFERROR(VLOOKUP(F102,Assumptions!$A$16:$C$20,3,FALSE),0.30) | AA102: =IF(P102<>"",P102*X102*W102,IF(L102<>"",L102/(1-Y102),K102)) | AB102: =IF(L102<>"",L102/(1-Z102),"") | AC102: =IF(AB102="",AA102,MAX(AA102,AB102)) | AD102: =IF(AC102="","",AC102*G102) | AE102: =IF(AD102="","",ROUNDUP(AD102,0)-0.01) | AF102: =IF(P102<>"","Competitor-based",IF(L102<>"","Cost+margin","Needs review"))
A103: custom-printed-stickers-for-jars | B103: Custom stickers for lids | C103: Oil Slick Custom Stickers for Lids are made for brands, extract makers, and dispensaries who want their jars looking dialed-in and professional from every angle. Sized for 5ml lids and printed to your artwork, they give … | D103: Size: 5oz / Quantity: 100 | F103: Custom | G103: 100 | H103: pcs | I103: 49.99 | K103: =IFERROR(I103/G103,"") | L103: =IFERROR(J103/G103,"") | M103: =IFERROR((I103-J103)/I103,"") | P103: =IFERROR(N103/O103,"") | S103: =IFERROR(Q103/R103,"") | W103: =IF(G103="","",IF(G103<=Assumptions!$B$9,Assumptions!$C$9,IF(G103<=Assumptions!$B$10,Assumptions!$C$10,IF(G103<=Assumptions!$B$11,Assumptions!$C$11,Assumptions!$C$12)))) | X103: =IF(F103="Branded",Assumptions!$B$5,IF(OR(F103="Packaging",F103="Bags"),Assumptions!$B$4,1)) | Y103: =IFERROR(VLOOKUP(F103,Assumptions!$A$16:$C$20,2,FALSE),0.40) | Z103: =IFERROR(VLOOKUP(F103,Assumptions!$A$16:$C$20,3,FALSE),0.30) | AA103: =IF(P103<>"",P103*X103*W103,IF(L103<>"",L103/(1-Y103),K103)) | AB103: =IF(L103<>"",L103/(1-Z103),"") | AC103: =IF(AB103="",AA103,MAX(AA103,AB103)) | AD103: =IF(AC103="","",AC103*G103) | AE103: =IF(AD103="","",ROUNDUP(AD103,0)-0.01) | AF103: =IF(P103<>"","Competitor-based",IF(L103<>"","Cost+margin","Needs review"))
A104: custom-printed-stickers-for-jars | B104: Custom stickers for lids | C104: Oil Slick Custom Stickers for Lids are made for brands, extract makers, and dispensaries who want their jars looking dialed-in and professional from every angle. Sized for 5ml lids and printed to your artwork, they give … | D104: Size: 3oz / Quantity: 200 | E104: CUSTOMJARSTICKER 3OZ 200 | F104: Custom | G104: 200 | H104: pcs | I104: 67.49 | K104: =IFERROR(I104/G104,"") | L104: =IFERROR(J104/G104,"") | M104: =IFERROR((I104-J104)/I104,"") | P104: =IFERROR(N104/O104,"") | S104: =IFERROR(Q104/R104,"") | W104: =IF(G104="","",IF(G104<=Assumptions!$B$9,Assumptions!$C$9,IF(G104<=Assumptions!$B$10,Assumptions!$C$10,IF(G104<=Assumptions!$B$11,Assumptions!$C$11,Assumptions!$C$12)))) | X104: =IF(F104="Branded",Assumptions!$B$5,IF(OR(F104="Packaging",F104="Bags"),Assumptions!$B$4,1)) | Y104: =IFERROR(VLOOKUP(F104,Assumptions!$A$16:$C$20,2,FALSE),0.40) | Z104: =IFERROR(VLOOKUP(F104,Assumptions!$A$16:$C$20,3,FALSE),0.30) | AA104: =IF(P104<>"",P104*X104*W104,IF(L104<>"",L104/(1-Y104),K104)) | AB104: =IF(L104<>"",L104/(1-Z104),"") | AC104: =IF(AB104="",AA104,MAX(AA104,AB104)) | AD104: =IF(AC104="","",AC104*G104) | AE104: =IF(AD104="","",ROUNDUP(AD104,0)-0.01) | AF104: =IF(P104<>"","Competitor-based",IF(L104<>"","Cost+margin","Needs review"))
A105: custom-printed-stickers-for-jars | B105: Custom stickers for lids | C105: Oil Slick Custom Stickers for Lids are made for brands, extract makers, and dispensaries who want their jars looking dialed-in and professional from every angle. Sized for 5ml lids and printed to your artwork, they give … | D105: Size: 5oz / Quantity: 200 | F105: Custom | G105: 200 | H105: pcs | I105: 49.99 | K105: =IFERROR(I105/G105,"") | L105: =IFERROR(J105/G105,"") | M105: =IFERROR((I105-J105)/I105,"") | P105: =IFERROR(N105/O105,"") | S105: =IFERROR(Q105/R105,"") | W105: =IF(G105="","",IF(G105<=Assumptions!$B$9,Assumptions!$C$9,IF(G105<=Assumptions!$B$10,Assumptions!$C$10,IF(G105<=Assumptions!$B$11,Assumptions!$C$11,Assumptions!$C$12)))) | X105: =IF(F105="Branded",Assumptions!$B$5,IF(OR(F105="Packaging",F105="Bags"),Assumptions!$B$4,1)) | Y105: =IFERROR(VLOOKUP(F105,Assumptions!$A$16:$C$20,2,FALSE),0.40) | Z105: =IFERROR(VLOOKUP(F105,Assumptions!$A$16:$C$20,3,FALSE),0.30) | AA105: =IF(P105<>"",P105*X105*W105,IF(L105<>"",L105/(1-Y105),K105)) | AB105: =IF(L105<>"",L105/(1-Z105),"") | AC105: =IF(AB105="",AA105,MAX(AA105,AB105)) | AD105: =IF(AC105="","",AC105*G105) | AE105: =IF(AD105="","",ROUNDUP(AD105,0)-0.01) | AF105: =IF(P105<>"","Competitor-based",IF(L105<>"","Cost+margin","Needs review"))
A106: custom-printed-stickers-for-jars | B106: Custom stickers for lids | C106: Oil Slick Custom Stickers for Lids are made for brands, extract makers, and dispensaries who want their jars looking dialed-in and professional from every angle. Sized for 5ml lids and printed to your artwork, they give … | D106: Size: 3oz / Quantity: 500 | E106: CUSTOMJARSTICKER 3OZ 500 | F106: Custom | G106: 500 | H106: pcs | I106: 24.99 | K106: =IFERROR(I106/G106,"") | L106: =IFERROR(J106/G106,"") | M106: =IFERROR((I106-J106)/I106,"") | P106: =IFERROR(N106/O106,"") | S106: =IFERROR(Q106/R106,"") | W106: =IF(G106="","",IF(G106<=Assumptions!$B$9,Assumptions!$C$9,IF(G106<=Assumptions!$B$10,Assumptions!$C$10,IF(G106<=Assumptions!$B$11,Assumptions!$C$11,Assumptions!$C$12)))) | X106: =IF(F106="Branded",Assumptions!$B$5,IF(OR(F106="Packaging",F106="Bags"),Assumptions!$B$4,1)) | Y106: =IFERROR(VLOOKUP(F106,Assumptions!$A$16:$C$20,2,FALSE),0.40) | Z106: =IFERROR(VLOOKUP(F106,Assumptions!$A$16:$C$20,3,FALSE),0.30) | AA106: =IF(P106<>"",P106*X106*W106,IF(L106<>"",L106/(1-Y106),K106)) | AB106: =IF(L106<>"",L106/(1-Z106),"") | AC106: =IF(AB106="",AA106,MAX(AA106,AB106)) | AD106: =IF(AC106="","",AC106*G106) | AE106: =IF(AD106="","",ROUNDUP(AD106,0)-0.01) | AF106: =IF(P106<>"","Competitor-based",IF(L106<>"","Cost+margin","Needs review"))
A107: custom-printed-stickers-for-jars | B107: Custom stickers for lids | C107: Oil Slick Custom Stickers for Lids are made for brands, extract makers, and dispensaries who want their jars looking dialed-in and professional from every angle. Sized for 5ml lids and printed to your artwork, they give … | D107: Size: 5oz / Quantity: 500 | F107: Custom | G107: 500 | H107: pcs | I107: 39.99 | K107: =IFERROR(I107/G107,"") | L107: =IFERROR(J107/G107,"") | M107: =IFERROR((I107-J107)/I107,"") | P107: =IFERROR(N107/O107,"") | S107: =IFERROR(Q107/R107,"") | W107: =IF(G107="","",IF(G107<=Assumptions!$B$9,Assumptions!$C$9,IF(G107<=Assumptions!$B$10,Assumptions!$C$10,IF(G107<=Assumptions!$B$11,Assumptions!$C$11,Assumptions!$C$12)))) | X107: =IF(F107="Branded",Assumptions!$B$5,IF(OR(F107="Packaging",F107="Bags"),Assumptions!$B$4,1)) | Y107: =IFERROR(VLOOKUP(F107,Assumptions!$A$16:$C$20,2,FALSE),0.40) | Z107: =IFERROR(VLOOKUP(F107,Assumptions!$A$16:$C$20,3,FALSE),0.30) | AA107: =IF(P107<>"",P107*X107*W107,IF(L107<>"",L107/(1-Y107),K107)) | AB107: =IF(L107<>"",L107/(1-Z107),"") | AC107: =IF(AB107="",AA107,MAX(AA107,AB107)) | AD107: =IF(AC107="","",AC107*G107) | AE107: =IF(AD107="","",ROUNDUP(AD107,0)-0.01) | AF107: =IF(P107<>"","Competitor-based",IF(L107<>"","Cost+margin","Needs review"))
A108: custom-printed-stickers-for-jars | B108: Custom stickers for lids | C108: Oil Slick Custom Stickers for Lids are made for brands, extract makers, and dispensaries who want their jars looking dialed-in and professional from every angle. Sized for 5ml lids and printed to your artwork, they give … | D108: Size: 3oz / Quantity: 1000 | E108: CUSTOMJARSTICKER 3OZ 1000 | F108: Custom | G108: 1000 | H108: pcs | I108: 39.99 | K108: =IFERROR(I108/G108,"") | L108: =IFERROR(J108/G108,"") | M108: =IFERROR((I108-J108)/I108,"") | P108: =IFERROR(N108/O108,"") | S108: =IFERROR(Q108/R108,"") | W108: =IF(G108="","",IF(G108<=Assumptions!$B$9,Assumptions!$C$9,IF(G108<=Assumptions!$B$10,Assumptions!$C$10,IF(G108<=Assumptions!$B$11,Assumptions!$C$11,Assumptions!$C$12)))) | X108: =IF(F108="Branded",Assumptions!$B$5,IF(OR(F108="Packaging",F108="Bags"),Assumptions!$B$4,1)) | Y108: =IFERROR(VLOOKUP(F108,Assumptions!$A$16:$C$20,2,FALSE),0.40) | Z108: =IFERROR(VLOOKUP(F108,Assumptions!$A$16:$C$20,3,FALSE),0.30) | AA108: =IF(P108<>"",P108*X108*W108,IF(L108<>"",L108/(1-Y108),K108)) | AB108: =IF(L108<>"",L108/(1-Z108),"") | AC108: =IF(AB108="",AA108,MAX(AA108,AB108)) | AD108: =IF(AC108="","",AC108*G108) | AE108: =IF(AD108="","",ROUNDUP(AD108,0)-0.01) | AF108: =IF(P108<>"","Competitor-based",IF(L108<>"","Cost+margin","Needs review"))
A109: custom-printed-stickers-for-jars | B109: Custom stickers for lids | C109: Oil Slick Custom Stickers for Lids are made for brands, extract makers, and dispensaries who want their jars looking dialed-in and professional from every angle. Sized for 5ml lids and printed to your artwork, they give … | D109: Size: 5oz / Quantity: 1000 | F109: Custom | G109: 1000 | H109: pcs | I109: 69.99 | K109: =IFERROR(I109/G109,"") | L109: =IFERROR(J109/G109,"") | M109: =IFERROR((I109-J109)/I109,"") | P109: =IFERROR(N109/O109,"") | S109: =IFERROR(Q109/R109,"") | W109: =IF(G109="","",IF(G109<=Assumptions!$B$9,Assumptions!$C$9,IF(G109<=Assumptions!$B$10,Assumptions!$C$10,IF(G109<=Assumptions!$B$11,Assumptions!$C$11,Assumptions!$C$12)))) | X109: =IF(F109="Branded",Assumptions!$B$5,IF(OR(F109="Packaging",F109="Bags"),Assumptions!$B$4,1)) | Y109: =IFERROR(VLOOKUP(F109,Assumptions!$A$16:$C$20,2,FALSE),0.40) | Z109: =IFERROR(VLOOKUP(F109,Assumptions!$A$16:$C$20,3,FALSE),0.30) | AA109: =IF(P109<>"",P109*X109*W109,IF(L109<>"",L109/(1-Y109),K109)) | AB109: =IF(L109<>"",L109/(1-Z109),"") | AC109: =IF(AB109="",AA109,MAX(AA109,AB109)) | AD109: =IF(AC109="","",AC109*G109) | AE109: =IF(AD109="","",ROUNDUP(AD109,0)-0.01) | AF109: =IF(P109<>"","Competitor-based",IF(L109<>"","Cost+margin","Needs review"))
A110: custom-printed-stickers-for-jars | B110: Custom stickers for lids | C110: Oil Slick Custom Stickers for Lids are made for brands, extract makers, and dispensaries who want their jars looking dialed-in and professional from every angle. Sized for 5ml lids and printed to your artwork, they give … | D110: Size: 3oz / Quantity: 5000 | E110: CUSTOMJARSTICKER 3OZ 5000 | F110: Custom | G110: 5000 | H110: pcs | I110: 79.99 | K110: =IFERROR(I110/G110,"") | L110: =IFERROR(J110/G110,"") | M110: =IFERROR((I110-J110)/I110,"") | P110: =IFERROR(N110/O110,"") | S110: =IFERROR(Q110/R110,"") | W110: =IF(G110="","",IF(G110<=Assumptions!$B$9,Assumptions!$C$9,IF(G110<=Assumptions!$B$10,Assumptions!$C$10,IF(G110<=Assumptions!$B$11,Assumptions!$C$11,Assumptions!$C$12)))) | X110: =IF(F110="Branded",Assumptions!$B$5,IF(OR(F110="Packaging",F110="Bags"),Assumptions!$B$4,1)) | Y110: =IFERROR(VLOOKUP(F110,Assumptions!$A$16:$C$20,2,FALSE),0.40) | Z110: =IFERROR(VLOOKUP(F110,Assumptions!$A$16:$C$20,3,FALSE),0.30) | AA110: =IF(P110<>"",P110*X110*W110,IF(L110<>"",L110/(1-Y110),K110)) | AB110: =IF(L110<>"",L110/(1-Z110),"") | AC110: =IF(AB110="",AA110,MAX(AA110,AB110)) | AD110: =IF(AC110="","",AC110*G110) | AE110: =IF(AD110="","",ROUNDUP(AD110,0)-0.01) | AF110: =IF(P110<>"","Competitor-based",IF(L110<>"","Cost+margin","Needs review"))
A111: custom-printed-stickers-for-jars | B111: Custom stickers for lids | C111: Oil Slick Custom Stickers for Lids are made for brands, extract makers, and dispensaries who want their jars looking dialed-in and professional from every angle. Sized for 5ml lids and printed to your artwork, they give … | D111: Size: 5oz / Quantity: 5000 | F111: Custom | G111: 5000 | H111: pcs | I111: 65 | K111: =IFERROR(I111/G111,"") | L111: =IFERROR(J111/G111,"") | M111: =IFERROR((I111-J111)/I111,"") | P111: =IFERROR(N111/O111,"") | S111: =IFERROR(Q111/R111,"") | W111: =IF(G111="","",IF(G111<=Assumptions!$B$9,Assumptions!$C$9,IF(G111<=Assumptions!$B$10,Assumptions!$C$10,IF(G111<=Assumptions!$B$11,Assumptions!$C$11,Assumptions!$C$12)))) | X111: =IF(F111="Branded",Assumptions!$B$5,IF(OR(F111="Packaging",F111="Bags"),Assumptions!$B$4,1)) | Y111: =IFERROR(VLOOKUP(F111,Assumptions!$A$16:$C$20,2,FALSE),0.40) | Z111: =IFERROR(VLOOKUP(F111,Assumptions!$A$16:$C$20,3,FALSE),0.30) | AA111: =IF(P111<>"",P111*X111*W111,IF(L111<>"",L111/(1-Y111),K111)) | AB111: =IF(L111<>"",L111/(1-Z111),"") | AC111: =IF(AB111="",AA111,MAX(AA111,AB111)) | AD111: =IF(AC111="","",AC111*G111) | AE111: =IF(AD111="","",ROUNDUP(AD111,0)-0.01) | AF111: =IF(P111<>"","Competitor-based",IF(L111<>"","Cost+margin","Needs review"))
A112: custom-printed-stickers-for-jars | B112: Custom stickers for lids | C112: Oil Slick Custom Stickers for Lids are made for brands, extract makers, and dispensaries who want their jars looking dialed-in and professional from every angle. Sized for 5ml lids and printed to your artwork, they give … | D112: Size: 3oz / Quantity: 10000 | E112: CUSTOMJARSTICKER 3OZ 10000 | F112: Custom | G112: 10000 | H112: pcs | I112: 67.49 | K112: =IFERROR(I112/G112,"") | L112: =IFERROR(J112/G112,"") | M112: =IFERROR((I112-J112)/I112,"") | P112: =IFERROR(N112/O112,"") | S112: =IFERROR(Q112/R112,"") | W112: =IF(G112="","",IF(G112<=Assumptions!$B$9,Assumptions!$C$9,IF(G112<=Assumptions!$B$10,Assumptions!$C$10,IF(G112<=Assumptions!$B$11,Assumptions!$C$11,Assumptions!$C$12)))) | X112: =IF(F112="Branded",Assumptions!$B$5,IF(OR(F112="Packaging",F112="Bags"),Assumptions!$B$4,1)) | Y112: =IFERROR(VLOOKUP(F112,Assumptions!$A$16:$C$20,2,FALSE),0.40) | Z112: =IFERROR(VLOOKUP(F112,Assumptions!$A$16:$C$20,3,FALSE),0.30) | AA112: =IF(P112<>"",P112*X112*W112,IF(L112<>"",L112/(1-Y112),K112)) | AB112: =IF(L112<>"",L112/(1-Z112),"") | AC112: =IF(AB112="",AA112,MAX(AA112,AB112)) | AD112: =IF(AC112="","",AC112*G112) | AE112: =IF(AD112="","",ROUNDUP(AD112,0)-0.01) | AF112: =IF(P112<>"","Competitor-based",IF(L112<>"","Cost+margin","Needs review"))
A113: custom-printed-stickers-for-jars | B113: Custom stickers for lids | C113: Oil Slick Custom Stickers for Lids are made for brands, extract makers, and dispensaries who want their jars looking dialed-in and professional from every angle. Sized for 5ml lids and printed to your artwork, they give … | D113: Size: 5oz / Quantity: 10000 | F113: Custom | G113: 10000 | H113: pcs | I113: 29.99 | K113: =IFERROR(I113/G113,"") | L113: =IFERROR(J113/G113,"") | M113: =IFERROR((I113-J113)/I113,"") | P113: =IFERROR(N113/O113,"") | S113: =IFERROR(Q113/R113,"") | W113: =IF(G113="","",IF(G113<=Assumptions!$B$9,Assumptions!$C$9,IF(G113<=Assumptions!$B$10,Assumptions!$C$10,IF(G113<=Assumptions!$B$11,Assumptions!$C$11,Assumptions!$C$12)))) | X113: =IF(F113="Branded",Assumptions!$B$5,IF(OR(F113="Packaging",F113="Bags"),Assumptions!$B$4,1)) | Y113: =IFERROR(VLOOKUP(F113,Assumptions!$A$16:$C$20,2,FALSE),0.40) | Z113: =IFERROR(VLOOKUP(F113,Assumptions!$A$16:$C$20,3,FALSE),0.30) | AA113: =IF(P113<>"",P113*X113*W113,IF(L113<>"",L113/(1-Y113),K113)) | AB113: =IF(L113<>"",L113/(1-Z113),"") | AC113: =IF(AB113="",AA113,MAX(AA113,AB113)) | AD113: =IF(AC113="","",AC113*G113) | AE113: =IF(AD113="","",ROUNDUP(AD113,0)-0.01) | AF113: =IF(P113<>"","Competitor-based",IF(L113<>"","Cost+margin","Needs review"))
A114: 9ml-child-resistant-jar-with-black-lids | B114: 9ml Child Resistant Glass Jar with Lids | C114: The Oil Slick 9ml Child Resistant Glass Jar is a compact glass container designed for extractors, processors, and cannabis brands packaging single grams, samples, or small concentrate portions. Each jar ships with a matc… | D114: Quantity: 64 / Color: Black | E114: 9MLB-64 | F114: Packaging | G114: 64 | H114: pcs | I114: 39.99 | K114: =IFERROR(I114/G114,"") | L114: =IFERROR(J114/G114,"") | M114: =IFERROR((I114-J114)/I114,"") | P114: =IFERROR(N114/O114,"") | S114: =IFERROR(Q114/R114,"") | W114: =IF(G114="","",IF(G114<=Assumptions!$B$9,Assumptions!$C$9,IF(G114<=Assumptions!$B$10,Assumptions!$C$10,IF(G114<=Assumptions!$B$11,Assumptions!$C$11,Assumptions!$C$12)))) | X114: =IF(F114="Branded",Assumptions!$B$5,IF(OR(F114="Packaging",F114="Bags"),Assumptions!$B$4,1)) | Y114: =IFERROR(VLOOKUP(F114,Assumptions!$A$16:$C$20,2,FALSE),0.40) | Z114: =IFERROR(VLOOKUP(F114,Assumptions!$A$16:$C$20,3,FALSE),0.30) | AA114: =IF(P114<>"",P114*X114*W114,IF(L114<>"",L114/(1-Y114),K114)) | AB114: =IF(L114<>"",L114/(1-Z114),"") | AC114: =IF(AB114="",AA114,MAX(AA114,AB114)) | AD114: =IF(AC114="","",AC114*G114) | AE114: =IF(AD114="","",ROUNDUP(AD114,0)-0.01) | AF114: =IF(P114<>"","Competitor-based",IF(L114<>"","Cost+margin","Needs review"))
A115: 9ml-child-resistant-jar-with-black-lids | B115: 9ml Child Resistant Glass Jar with Lids | C115: The Oil Slick 9ml Child Resistant Glass Jar is a compact glass container designed for extractors, processors, and cannabis brands packaging single grams, samples, or small concentrate portions. Each jar ships with a matc… | D115: Quantity: 128 / Color: Black | E115: 9MLB-128 | F115: Packaging | G115: 128 | H115: pcs | I115: 29.99 | K115: =IFERROR(I115/G115,"") | L115: =IFERROR(J115/G115,"") | M115: =IFERROR((I115-J115)/I115,"") | P115: =IFERROR(N115/O115,"") | S115: =IFERROR(Q115/R115,"") | W115: =IF(G115="","",IF(G115<=Assumptions!$B$9,Assumptions!$C$9,IF(G115<=Assumptions!$B$10,Assumptions!$C$10,IF(G115<=Assumptions!$B$11,Assumptions!$C$11,Assumptions!$C$12)))) | X115: =IF(F115="Branded",Assumptions!$B$5,IF(OR(F115="Packaging",F115="Bags"),Assumptions!$B$4,1)) | Y115: =IFERROR(VLOOKUP(F115,Assumptions!$A$16:$C$20,2,FALSE),0.40) | Z115: =IFERROR(VLOOKUP(F115,Assumptions!$A$16:$C$20,3,FALSE),0.30) | AA115: =IF(P115<>"",P115*X115*W115,IF(L115<>"",L115/(1-Y115),K115)) | AB115: =IF(L115<>"",L115/(1-Z115),"") | AC115: =IF(AB115="",AA115,MAX(AA115,AB115)) | AD115: =IF(AC115="","",AC115*G115) | AE115: =IF(AD115="","",ROUNDUP(AD115,0)-0.01) | AF115: =IF(P115<>"","Competitor-based",IF(L115<>"","Cost+margin","Needs review"))
A116: 9ml-child-resistant-jar-with-black-lids | B116: 9ml Child Resistant Glass Jar with Lids | C116: The Oil Slick 9ml Child Resistant Glass Jar is a compact glass container designed for extractors, processors, and cannabis brands packaging single grams, samples, or small concentrate portions. Each jar ships with a matc… | D116: Quantity: 320 / Color: Black | E116: 9MLB-320 | F116: Packaging | G116: 320 | H116: pcs | I116: 27.99 | K116: =IFERROR(I116/G116,"") | L116: =IFERROR(J116/G116,"") | M116: =IFERROR((I116-J116)/I116,"") | P116: =IFERROR(N116/O116,"") | S116: =IFERROR(Q116/R116,"") | W116: =IF(G116="","",IF(G116<=Assumptions!$B$9,Assumptions!$C$9,IF(G116<=Assumptions!$B$10,Assumptions!$C$10,IF(G116<=Assumptions!$B$11,Assumptions!$C$11,Assumptions!$C$12)))) | X116: =IF(F116="Branded",Assumptions!$B$5,IF(OR(F116="Packaging",F116="Bags"),Assumptions!$B$4,1)) | Y116: =IFERROR(VLOOKUP(F116,Assumptions!$A$16:$C$20,2,FALSE),0.40) | Z116: =IFERROR(VLOOKUP(F116,Assumptions!$A$16:$C$20,3,FALSE),0.30) | AA116: =IF(P116<>"",P116*X116*W116,IF(L116<>"",L116/(1-Y116),K116)) | AB116: =IF(L116<>"",L116/(1-Z116),"") | AC116: =IF(AB116="",AA116,MAX(AA116,AB116)) | AD116: =IF(AC116="","",AC116*G116) | AE116: =IF(AD116="","",ROUNDUP(AD116,0)-0.01) | AF116: =IF(P116<>"","Competitor-based",IF(L116<>"","Cost+margin","Needs review"))
A117: 5ml-child-resistant-jar-with-black-lids | B117: 5ml Glass Jar- Child Resistant with Black Lids | C117: The 5ml Glass Jar – Child Resistant with Black Lids is a lab-ready glass concentrate jar built for extractors, processors, and brands who need compliant, small-format packaging that actually feels premium in hand. The cl… | D117: Quantity: 72 | E117: 5MLCRJAR72 | F117: Packaging | G117: 72 | H117: pcs | I117: 27.49 | K117: =IFERROR(I117/G117,"") | L117: =IFERROR(J117/G117,"") | M117: =IFERROR((I117-J117)/I117,"") | N117: 271.99 | O117: 320 | P117: =IFERROR(N117/O117,"") | S117: =IFERROR(Q117/R117,"") | T117: Observed | U117: https://truearoma.com/products/5ml-thick-clear-glass-containers-with-black-child-resistant-lids | V117: 5ml thick clear glass containers with black child resistant lids; 320 pack listed at $271.99. | W117: =IF(G117="","",IF(G117<=Assumptions!$B$9,Assumptions!$C$9,IF(G117<=Assumptions!$B$10,Assumptions!$C$10,IF(G117<=Assumptions!$B$11,Assumptions!$C$11,Assumptions!$C$12)))) | X117: =IF(F117="Branded",Assumptions!$B$5,IF(OR(F117="Packaging",F117="Bags"),Assumptions!$B$4,1)) | Y117: =IFERROR(VLOOKUP(F117,Assumptions!$A$16:$C$20,2,FALSE),0.40) | Z117: =IFERROR(VLOOKUP(F117,Assumptions!$A$16:$C$20,3,FALSE),0.30) | AA117: =IF(P117<>"",P117*X117*W117,IF(L117<>"",L117/(1-Y117),K117)) | AB117: =IF(L117<>"",L117/(1-Z117),"") | AC117: =IF(AB117="",AA117,MAX(AA117,AB117)) | AD117: =IF(AC117="","",AC117*G117) | AE117: =IF(AD117="","",ROUNDUP(AD117,0)-0.01) | AF117: =IF(P117<>"","Competitor-based",IF(L117<>"","Cost+margin","Needs review"))
A118: 5ml-child-resistant-jar-with-black-lids | B118: 5ml Glass Jar- Child Resistant with Black Lids | C118: The 5ml Glass Jar – Child Resistant with Black Lids is a lab-ready glass concentrate jar built for extractors, processors, and brands who need compliant, small-format packaging that actually feels premium in hand. The cl… | D118: Quantity: 144 | E118: 5MLCRJAR144 | F118: Packaging | G118: 144 | H118: pcs | I118: 29.99 | K118: =IFERROR(I118/G118,"") | L118: =IFERROR(J118/G118,"") | M118: =IFERROR((I118-J118)/I118,"") | N118: 271.99 | O118: 320 | P118: =IFERROR(N118/O118,"") | S118: =IFERROR(Q118/R118,"") | T118: Observed | U118: https://truearoma.com/products/5ml-thick-clear-glass-containers-with-black-child-resistant-lids | V118: 5ml thick clear glass containers with black child resistant lids; 320 pack listed at $271.99. | W118: =IF(G118="","",IF(G118<=Assumptions!$B$9,Assumptions!$C$9,IF(G118<=Assumptions!$B$10,Assumptions!$C$10,IF(G118<=Assumptions!$B$11,Assumptions!$C$11,Assumptions!$C$12)))) | X118: =IF(F118="Branded",Assumptions!$B$5,IF(OR(F118="Packaging",F118="Bags"),Assumptions!$B$4,1)) | Y118: =IFERROR(VLOOKUP(F118,Assumptions!$A$16:$C$20,2,FALSE),0.40) | Z118: =IFERROR(VLOOKUP(F118,Assumptions!$A$16:$C$20,3,FALSE),0.30) | AA118: =IF(P118<>"",P118*X118*W118,IF(L118<>"",L118/(1-Y118),K118)) | AB118: =IF(L118<>"",L118/(1-Z118),"") | AC118: =IF(AB118="",AA118,MAX(AA118,AB118)) | AD118: =IF(AC118="","",AC118*G118) | AE118: =IF(AD118="","",ROUNDUP(AD118,0)-0.01) | AF118: =IF(P118<>"","Competitor-based",IF(L118<>"","Cost+margin","Needs review"))
A119: 5ml-child-resistant-jar-with-black-lids | B119: 5ml Glass Jar- Child Resistant with Black Lids | C119: The 5ml Glass Jar – Child Resistant with Black Lids is a lab-ready glass concentrate jar built for extractors, processors, and brands who need compliant, small-format packaging that actually feels premium in hand. The cl… | D119: Quantity: 504 | E119: 5MLCRJAR504 | F119: Packaging | G119: 504 | H119: pcs | I119: 99.99 | K119: =IFERROR(I119/G119,"") | L119: =IFERROR(J119/G119,"") | M119: =IFERROR((I119-J119)/I119,"") | N119: 271.99 | O119: 320 | P119: =IFERROR(N119/O119,"") | S119: =IFERROR(Q119/R119,"") | T119: Observed | U119: https://truearoma.com/products/5ml-thick-clear-glass-containers-with-black-child-resistant-lids | V119: 5ml thick clear glass containers with black child resistant lids; 320 pack listed at $271.99. | W119: =IF(G119="","",IF(G119<=Assumptions!$B$9,Assumptions!$C$9,IF(G119<=Assumptions!$B$10,Assumptions!$C$10,IF(G119<=Assumptions!$B$11,Assumptions!$C$11,Assumptions!$C$12)))) | X119: =IF(F119="Branded",Assumptions!$B$5,IF(OR(F119="Packaging",F119="Bags"),Assumptions!$B$4,1)) | Y119: =IFERROR(VLOOKUP(F119,Assumptions!$A$16:$C$20,2,FALSE),0.40) | Z119: =IFERROR(VLOOKUP(F119,Assumptions!$A$16:$C$20,3,FALSE),0.30) | AA119: =IF(P119<>"",P119*X119*W119,IF(L119<>"",L119/(1-Y119),K119)) | AB119: =IF(L119<>"",L119/(1-Z119),"") | AC119: =IF(AB119="",AA119,MAX(AA119,AB119)) | AD119: =IF(AC119="","",AC119*G119) | AE119: =IF(AD119="","",ROUNDUP(AD119,0)-0.01) | AF119: =IF(P119<>"","Competitor-based",IF(L119<>"","Cost+margin","Needs review"))
A120: 5ml-child-resistant-jar-with-black-lids | B120: 5ml Glass Jar- Child Resistant with Black Lids | C120: The 5ml Glass Jar – Child Resistant with Black Lids is a lab-ready glass concentrate jar built for extractors, processors, and brands who need compliant, small-format packaging that actually feels premium in hand. The cl… | D120: Quantity: 4,032 | E120: 5MLCRJAR4032 | F120: Packaging | G120: 4032 | H120: pcs | I120: 19.99 | K120: =IFERROR(I120/G120,"") | L120: =IFERROR(J120/G120,"") | M120: =IFERROR((I120-J120)/I120,"") | N120: 271.99 | O120: 320 | P120: =IFERROR(N120/O120,"") | S120: =IFERROR(Q120/R120,"") | T120: Observed | U120: https://truearoma.com/products/5ml-thick-clear-glass-containers-with-black-child-resistant-lids | V120: 5ml thick clear glass containers with black child resistant lids; 320 pack listed at $271.99. | W120: =IF(G120="","",IF(G120<=Assumptions!$B$9,Assumptions!$C$9,IF(G120<=Assumptions!$B$10,Assumptions!$C$10,IF(G120<=Assumptions!$B$11,Assumptions!$C$11,Assumptions!$C$12)))) | X120: =IF(F120="Branded",Assumptions!$B$5,IF(OR(F120="Packaging",F120="Bags"),Assumptions!$B$4,1)) | Y120: =IFERROR(VLOOKUP(F120,Assumptions!$A$16:$C$20,2,FALSE),0.40) | Z120: =IFERROR(VLOOKUP(F120,Assumptions!$A$16:$C$20,3,FALSE),0.30) | AA120: =IF(P120<>"",P120*X120*W120,IF(L120<>"",L120/(1-Y120),K120)) | AB120: =IF(L120<>"",L120/(1-Z120),"") | AC120: =IF(AB120="",AA120,MAX(AA120,AB120)) | AD120: =IF(AC120="","",AC120*G120) | AE120: =IF(AD120="","",ROUNDUP(AD120,0)-0.01) | AF120: =IF(P120<>"","Competitor-based",IF(L120<>"","Cost+margin","Needs review"))
A121: 5ml-child-resistant-jar-with-black-lids | B121: 5ml Glass Jar- Child Resistant with Black Lids | C121: The 5ml Glass Jar – Child Resistant with Black Lids is a lab-ready glass concentrate jar built for extractors, processors, and brands who need compliant, small-format packaging that actually feels premium in hand. The cl… | D121: Quantity: 1 (SAMPLE) | E121: 5MLCRJAR | F121: Packaging | G121: 1 | H121: pcs | I121: 29.99 | K121: =IFERROR(I121/G121,"") | L121: =IFERROR(J121/G121,"") | M121: =IFERROR((I121-J121)/I121,"") | N121: 271.99 | O121: 320 | P121: =IFERROR(N121/O121,"") | S121: =IFERROR(Q121/R121,"") | T121: Observed | U121: https://truearoma.com/products/5ml-thick-clear-glass-containers-with-black-child-resistant-lids | V121: 5ml thick clear glass containers with black child resistant lids; 320 pack listed at $271.99. | W121: =IF(G121="","",IF(G121<=Assumptions!$B$9,Assumptions!$C$9,IF(G121<=Assumptions!$B$10,Assumptions!$C$10,IF(G121<=Assumptions!$B$11,Assumptions!$C$11,Assumptions!$C$12)))) | X121: =IF(F121="Branded",Assumptions!$B$5,IF(OR(F121="Packaging",F121="Bags"),Assumptions!$B$4,1)) | Y121: =IFERROR(VLOOKUP(F121,Assumptions!$A$16:$C$20,2,FALSE),0.40) | Z121: =IFERROR(VLOOKUP(F121,Assumptions!$A$16:$C$20,3,FALSE),0.30) | AA121: =IF(P121<>"",P121*X121*W121,IF(L121<>"",L121/(1-Y121),K121)) | AB121: =IF(L121<>"",L121/(1-Z121),"") | AC121: =IF(AB121="",AA121,MAX(AA121,AB121)) | AD121: =IF(AC121="","",AC121*G121) | AE121: =IF(AD121="","",ROUNDUP(AD121,0)-0.01) | AF121: =IF(P121<>"","Competitor-based",IF(L121<>"","Cost+margin","Needs review"))
A122: oil-slick-non-stick-precut-paper-4-5x-5 | B122: Oil Slick Non-Stick PRECUT Paper 4.5"x 4.5" | C122: The Oil Slick Non-Stick PRECUT Paper 4.5" x 4.5" is a lab-grade nonstick sheet made for processors, hashmakers, and home pressers who are over ripping off crooked chunks of parchment. Thick 40 lb paper with a medical-gra… | D122: Quantity: 1,000 Sheets | E122: PRECUTPAPER-00 | F122: Branded | G122: 1000 | H122: pcs | I122: 12.99 | K122: =IFERROR(I122/G122,"") | L122: =IFERROR(J122/G122,"") | M122: =IFERROR((I122-J122)/I122,"") | P122: =IFERROR(N122/O122,"") | S122: =IFERROR(Q122/R122,"") | W122: =IF(G122="","",IF(G122<=Assumptions!$B$9,Assumptions!$C$9,IF(G122<=Assumptions!$B$10,Assumptions!$C$10,IF(G122<=Assumptions!$B$11,Assumptions!$C$11,Assumptions!$C$12)))) | X122: =IF(F122="Branded",Assumptions!$B$5,IF(OR(F122="Packaging",F122="Bags"),Assumptions!$B$4,1)) | Y122: =IFERROR(VLOOKUP(F122,Assumptions!$A$16:$C$20,2,FALSE),0.40) | Z122: =IFERROR(VLOOKUP(F122,Assumptions!$A$16:$C$20,3,FALSE),0.30) | AA122: =IF(P122<>"",P122*X122*W122,IF(L122<>"",L122/(1-Y122),K122)) | AB122: =IF(L122<>"",L122/(1-Z122),"") | AC122: =IF(AB122="",AA122,MAX(AA122,AB122)) | AD122: =IF(AC122="","",AC122*G122) | AE122: =IF(AD122="","",ROUNDUP(AD122,0)-0.01) | AF122: =IF(P122<>"","Competitor-based",IF(L122<>"","Cost+margin","Needs review"))
...
